Gene,Label
P0AD86,0
P00561,0
P00547,0
P00934,0
P75616,0
P0A8I3,0
P30143,0
P0A870,0
P0AC98,0
P75617,0
P28697,0
P28696,0
P0CF91,0
P33236,0
P13738,0
P0A9G2,0
P0CF25,0
P75620,0
P0AG40,1
P00804,1
P0AEM0,0
P62623,1
P22564,0
P04036,1
P0A6F1,0
P00968,0
P0AE58,0
P39206,0
P31551,0
P31552,0
P31572,0
P60584,0
P31553,0
P60566,0
P31574,0
P68644,0
P68646,0
P31679,0
P0A754,0
P03819,0
P0ABQ4,1
P05637,0
P62672,0
P06992,0
P19624,0
P0ABZ6,0
P31554,1
P31680,0
P39220,0
P60240,0
P21189,0
P08203,0
P08202,0
P08204,0
P0A9E0,0
P30149,0
P31548,0
P31549,0
P31550,0
P33595,0
P31675,0
P30126,0
P0A6A6,0
P30125,0
P09151,0
P0AD79,0
P10151,0
P00893,0
P00894,0
P0ACP1,0
P22186,0
P0AEN4,1
P0AD68,1
P22188,1
P14900,1
P0ABG4,1
P17443,1
P17952,1
P06136,1
P0ABH0,1
P0A9A6,1
P0A725,1
P62395,1
P10408,1
P08337,0
P0A8H8,0
P36680,0
P60560,0
P36646,0
P36645,0
P36647,0
P30011,0
P13016,0
P0AE14,0
P15993,0
P0ACL9,0
P0AFG8,0
P36682,0
P36683,0
P0A8E5,0
P0A7F6,0
P09158,0
P36649,0
P15877,0
P0A9M2,0
P61517,1
P36879,0
P0AFN6,0
P31666,0
P0A790,0
P31665,0
P31663,0
P31057,0
P31058,0
P37016,0
P37017,0
P37018,0
P33129,0
P33128,0
P37050,0
P26281,1
P0ABF1,0
P27305,0
P0ABS1,0
P0A823,0
P37025,0
P37024,0
P02919,0
P06971,0
P07821,0
P07822,0
P06972,0
P23893,1
P37019,0
P0AFP0,0
P37028,0
P15723,0
P0C0V0,0
P37047,0
P62768,0
P37049,0
P0A9D8,1
P0AE18,1
P0A7V0,1
P0A6P1,1
P0A7E9,1
P0A805,1
P45568,1
P60472,1
P0ABG1,1
P0A940,1
P0AEU7,0
P21645,1
P0A6Q6,1
P0A722,1
P10441,1
P10443,1
P0ABD5,1
P52095,0
P52096,0
P52097,1
P0AFW8,0
P0AA97,0
P40711,0
P40710,0
P37056,0
P16659,1
P28634,0
P69411,0
P28635,0
P31547,0
P30750,0
P63228,0
P30863,0
P0A8U2,0
P0AEZ7,0
P0AC84,0
P75672,0
P77339,0
P77354,0
Q47679,0
P0AD59,0
Q47146,0
P63224,0
Q47147,0
P0AA99,0
Q47149,0
Q47150,0
Q47151,0
Q47152,0
Q47153,0
Q47154,0
Q47155,0
Q47156,0
Q47157,0
Q47158,0
P75675,0
P28369,0
P15288,0
P0A9M5,0
P04335,0
P24251,0
P02932,0
P0A7B5,0
P07004,0
Q47684,0
Q47685,0
P75676,0
P75677,0
P77162,0
P77365,0
P77206,0
P75678,0
Q57083,0
P75679,0
P0CF88,0
P75680,0
Q47688,0
P0CE49,0
Q47689,0
Q47690,0
P37009,0
P75681,0
P0CF26,0
P0CF08,1
P37008,0
P37007,0
P75682,0
P77596,0
P77300,0
P06960,0
P0CF27,0
P77169,0
P77657,0
P77607,0
P71296,0
P71297,0
P71298,0
P77183,0
P77489,0
P77165,0
P0AAA1,0
P0AAL9,0
P77694,0
P77802,0
P77188,0
P0AAA3,0
P71301,0
P56257,0
P0A7N1,0
P36943,0
P0CF79,0
P77601,0
P75685,0
P75687,0
P77212,0
P77379,0
P77252,0
P77536,0
P77433,0
P77180,0
P17444,0
P17445,0
P17446,0
P0ABC9,0
P21514,0
P77700,0
P77219,0
P77736,0
P77297,0
P77221,0
P77624,0
P77554,0
P75691,0
P77393,0
P75692,0
P75693,0
P75694,0
P77743,0
P77541,0
P31660,0
P77243,0
P77495,0
P0AA82,0
P25524,0
P27111,0
P0ABE9,0
P17583,0
P07464,0
P02920,0
P00722,0
P03023,0
P77569,0
P77397,0
P0ABR9,0
P77044,0
P77608,0
P77580,0
P51020,0
P77589,0
P51024,0
P51025,0
P25437,0
Q47534,0
P0CF40,0
Q47536,0
Q47537,0
Q47538,0
Q47539,0
P37610,0
P0ACB2,1
P0AAP5,0
P0AD70,0
P0AFY6,0
P77562,0
P0AAQ0,0
P0A6J8,0
P0AAN9,0
P00634,0
P0AFM4,0
P0AAP1,0
P0A8D3,0
P0A6E1,0
P0AAN5,0
P0AE28,0
P0C037,0
P75704,0
P23917,0
P23910,0
P13458,0
P0AG76,0
P0AFJ5,0
P08400,0
P0AD99,0
P0AAE2,0
P21517,0
P21515,0
P0A7F9,0
P0A847,0
P0ADZ7,0
P0AG90,1
P0AG93,1
P0AAQ2,0
P0A927,0
P46122,0
P0A8D0,0
P25539,1
P61714,1
P0AGG0,1
P77735,0
P77488,1
P22939,1
P0A8G9,0
P77718,0
Q46948,0
P0A9J4,0
P0A8E7,0
P77726,0
P0AEA5,0
P0ABJ3,0
P0ABI8,0
P0ABJ1,0
P0AE16,0
P0ADA5,0
P0ABE2,0
P0A850,0
P0A6G7,0
P0A6H1,0
P0A9M0,0
P0ACF4,0
P0ADY1,0
P77712,0
P77756,0
P46890,0
P46891,0
P0ACJ5,0
P77265,0
P0AAG5,0
P0AC55,0
P69681,0
P0AGG2,0
P77717,0
P0AFP2,0
P77473,0
P0AAS0,0
P77791,0
P0ACE3,0
P0AAR0,0
P31224,0
P0AE06,0
P0ACS9,0
P77338,0
P45807,0
P06710,1
P0A8B5,0
P0A6Z3,0
P69441,1
P23871,1
P23872,0
P0AEW6,0
P39830,0
P52067,0
P07024,0
P0AAR3,0
Q59385,0
P77454,0
P77400,0
P0A9G4,0
P0AAS3,0
P0AA53,0
P77279,0
P77307,0
P77395,0
P0AFP4,0
P0ADA1,0
P0A9T8,0
P77504,0
P16919,0
P77759,0
P33669,0
P77688,0
P33667,0
P0ACR0,0
P0ACN4,0
P0AEP7,0
P30147,0
P77161,0
P75711,0
P75712,0
P77671,0
P77328,0
P77364,0
P75713,0
P77425,0
P77555,0
Q47208,0
P77129,0
P09029,0
P0AG18,0
P43341,1
P21888,1
P45570,0
P0AAS7,0
P0ABW5,0
P77249,0
P77468,0
P75715,0
P38052,0
P0AEL8,0
P24218,0
P75717,0
P0CF68,1
P0CF81,0
P75718,0
P23895,0
P77698,0
P77368,0
P77634,0
Q47270,0
Q47274,0
P0CE50,0
P21420,0
P0A9R2,0
P78285,0
P75719,0
P77330,0
P64435,0
P31062,0
P77699,0
P77460,0
P77087,0
P09169,0
P10805,0
P37325,0
P31600,0
P0AFA5,0
P77485,0
P0ACZ8,0
P77211,0
P77214,0
P77239,0
P38054,0
P24207,0
P0AAT4,0
P38489,0
P0AAT2,0
P77506,0
P77213,0
P0CF92,0
P05825,0
P13039,0
P11454,0
P26266,0
P23878,0
P23877,0
P23876,0
P24077,0
P0AEJ2,0
P10378,0
P0ADI4,0
P15047,0
P0A8Y8,0
P15078,0
P45579,0
P77806,0
P77174,0
P77216,0
P77746,0
P77202,0
P0AE08,0
P35340,0
P39177,0
P77316,0
P0AFW4,0
P21338,0
P0AE74,0
P77231,0
P0A6G5,0
P75726,0
P0A9I1,0
P69330,0
P77390,0
P77510,0
P0AEF4,0
P0ABP3,0
P37001,0
P0A972,0
P0DP63,0
P0DP64,0
P0A843,0
P60716,0
P30979,0
P60720,0
P0A8J4,0
P0AEB2,0
P10100,0
P0ABG7,1
P0AD65,1
P0AAT6,0
P52086,0
P28630,1
P0ADC1,1
P07813,1
P0AAT9,0
P77234,0
P77627,0
P77381,0
P77296,0
P77427,0
P77359,0
P77319,0
P41409,0
P0AER3,0
P37902,0
P0CE51,0
P23930,1
P0AE78,0
P0A9K3,0
P0AEI1,0
P75728,0
P22106,0
P0AF24,0
P0AF20,0
P0AF18,0
P0A759,0
P09323,0
P00962,1
P75733,0
P0A9A9,0
P0AAU7,0
P75736,0
P36938,0
P75737,0
P0AAF1,0
P24169,0
P21866,0
P21865,0
P03961,0
P03960,0
P03959,0
P0AAU2,0
P16918,0
P77779,0
P75741,0
P28916,0
P24252,0
P75742,0
P0AFP6,0
P0AAV4,0
P75745,0
P75746,0
P50465,0
P75747,0
P75748,0
P75750,0
P37909,0
P0ABH7,0
P69054,0
P0AC44,0
P0AC41,0
P07014,0
P0A836,0
P0AGE9,0
P13669,0
P54745,0
P54746,0
P0AAV0,0
P0ABU9,0
P0ABV6,0
P0A855,0
P0A912,0
P45955,0
P11458,0
P0AFK2,0
P75757,0
P0AAV6,0
P0AB91,0
P62707,0
P0A9C3,0
P0A6T3,0
P09148,0
P09147,0
P31060,0
P0A9G8,0
P0AAW9,0
P37329,0
P0AF01,0
P09833,0
P52697,0
P52696,0
P0AAV8,0
P75763,0
P75764,0
P46130,0
P12994,0
P12995,0
P12996,0
P12998,0
P12999,0
P13000,0
P75767,0
P30745,0
P0AEZ9,0
P0A738,0
P30748,0
P30749,0
P0AAC4,0
P75769,0
P0AA84,0
P0AAW1,0
P0AFP9,0
P0AFQ2,0
P0A9U1,0
P75777,0
P0ACU0,0
P25888,0
P27296,0
P30177,0
P30178,0
P0AAX3,0
P41039,0
P75779,0
P75780,0
P0AAX6,0
P75782,0
P75783,0
P10346,0
P0AEQ3,0
P0ABT2,0
P0AA67,0
P0A917,0
P75785,0
P75788,0
P0AAX8,0
P0A9U3,0
P75791,0
P75792,0
P75793,0
P75794,0
P78055,0
P12282,0
P12281,0
P37595,0
P75796,0
P75797,0
P75798,0
P75799,0
P75800,0
P75801,0
P0AAY1,0
P75804,0
P0ACA7,0
P08506,0
P0ACK5,0
P75806,0
P0AEY8,0
P0AAY4,0
P75809,0
P75810,0
P60869,0
P64439,0
P68688,0
P17117,0
P0C0U4,0
P31133,0
P31134,0
P31135,0
P0AFL1,0
P0AAZ0,0
P75817,0
P30860,0
P0AE30,0
P0AE34,0
P30859,0
P0AAF6,0
P75822,0
P75823,0
P07003,0
P75824,0
P75825,0
P75826,0
P60844,0
P75828,0
P75829,0
P75830,0
P75831,0
P0A968,0
P0ABH9,0
P69222,1
P0A8P1,0
P0A9P4,0
P0ACJ0,0
P0AAZ4,0
P0A8L1,1
P18775,0
P18776,0
P18777,0
P21503,0
P75835,0
P75836,0
P43340,0
P0A9N4,0
P09373,0
P0AC23,0
P75838,0
P75839,0
P23721,0
P0A6D3,0
P43674,0
P0A6Y1,0
P37443,0
P60752,1
P27300,1
P75843,0
P0AAZ7,0
P04951,1
P0AB03,0
P0AB01,0
P36566,0
P60293,1
P22524,1
P22523,1
P22525,0
P75849,0
P00509,0
P02931,0
P0A8M0,1
P18133,0
P04825,0
P0AAI1,0
P75851,0
P80645,0
P75853,0
P80644,0
P75855,0
P75856,0
P75857,0
P75858,0
P75859,0
P75860,0
P40876,0
P0A7E1,0
P75862,0
P75863,0
P75864,0
P0AFL9,0
P43671,0
P0AB10,0
P0AFW2,0
P0A6Q3,1
P75867,0
P0A8N0,0
P0AFZ5,0
P75869,0
P75870,0
P0AB12,0
P15038,0
P0A8X4,0
P0AB20,0
P75876,0
P0AB65,0
P0AB18,0
P0AAC6,0
P0ACD8,0
P19931,0
P19932,0
P26459,0
P26458,0
P07102,0
P38134,0
P0ACZ2,0
P0A932,0
P75882,0
P75883,0
P75884,0
P57998,1
P0A982,0
P0A978,0
P0AAA5,0
P52636,0
P39453,0
P38683,0
P33226,0
P33225,0
P36659,0
P36661,0
P19926,0
P0AB14,0
P0A8G6,0
P75892,0
P75893,0
P75894,0
P75895,0
P75898,0
P0ACU2,0
P09546,0
P07117,0
P0AB24,0
P31545,0
P0A9K1,0
P69432,0
P75905,0
P75906,0
P69434,0
P75908,0
P0CF82,0
P0CF69,1
Q7DFV4,0
P75910,0
P75915,0
P0AEA2,0
P0AE98,0
P52106,0
P0ABK7,0
P28307,0
P52107,0
P75917,0
P0A8D6,0
P75919,0
P75920,0
P33136,0
P62517,0
P0AB31,0
P25744,0
P0ACV0,0
P24188,0
P0A8X2,0
P75925,0
P64442,0
P40874,0
P0AB33,0
P0ABR1,0
P05020,0
P0AB26,0
P0AC59,0
P69367,0
P0A948,0
P29217,0
P75931,0
P0AF16,1
P43533,0
P0AEM4,0
P75933,0
P0ABW9,0
P0ABX2,0
P75936,0
P75937,0
P75938,0
P0ABX5,0
P0A6S0,0
P0A6S3,0
P75942,0
P33235,0
P29744,0
P21513,1
P62066,1
P0AA39,0
P0A729,0
P0AB28,0
P0A7N4,0
P27247,0
P0AAI9,1
P0AEK2,1
P0A6A8,1
P0AAI5,0
P28305,0
P28306,0
P0A720,1
P28631,1
P0AFQ7,0
P69786,0
P16869,0
P0ACE7,0
P75946,0
P0AB38,0
P75948,0
P75949,0
P00393,0
P0AB35,0
P75952,0
P0AB40,0
P75954,0
P30958,0
P75955,0
P0ADC3,1
P75957,1
P75958,1
P75959,0
P75960,0
P75961,0
P75962,0
P0AFK4,0
P69874,0
P29745,0
P23837,0
P23836,0
P25746,0
P0AEI6,0
P75966,0
P08200,0
P75967,0
P75968,0
P11072,0
P75969,0
P75970,0
P75971,0
P75976,0
P75977,0
P75978,0
P75979,0
P75980,0
P75981,0
P75982,0
P45581,0
P09154,0
P09153,0
P33227,0
P03014,0
P24200,0
P75989,0
P75990,0
P75991,0
P75992,0
P75993,0
P75994,0
P75995,0
P0AB46,0
Q7DFV3,0
P18196,0
P76001,0
P76002,0
P0AB43,0
P0A8L5,0
P77335,0
P0AG11,0
P04152,0
P0A6M2,0
P0AFA7,0
P0A8V6,0
P29013,0
P29012,0
P76007,0
P76008,0
P0C960,0
P76010,0
P76011,0
P76012,0
P13482,0
P37349,0
P76015,0
P76016,0
P76017,0
P0A7D1,1
P0AFR2,0
P0A717,1
P62615,1
P61320,1
P0A6X1,1
P0A7I0,1
P0ACC1,1
P0AGM5,0
P31801,0
P0AE63,0
P39163,0
P0AB52,0
P39165,0
P0AF28,0
P0AFA2,0
P10903,0
P09152,0
P11349,0
P0AF26,0
P11350,0
P76023,1
P02338,0
P37052,0
P0AFR0,0
P0A9Q7,0
P25743,0
P23843,0
P0AFH2,0
P77737,0
P0A8L7,0
P0A6H8,0
P31069,0
P0AB55,0
P21365,0
P0A915,0
P21363,0
P21362,0
P21361,0
P0A877,0
P0A879,0
P00909,0
P00904,0
P00895,0
P0AD92,0
P77766,0
P0AFR4,0
P45848,0
P0AG14,0
P0AB61,0
P06612,1
P0A9F3,0
P25516,0
P0A7I7,1
P0A924,0
P0AB58,0
P08245,0
P0ADA7,0
P76034,0
P77334,0
P30850,0
P76035,0
P0AEK4,1
P45736,0
P0AAH8,0
P0AAH4,0
P0AGH5,0
P0AGH3,0
Q47622,0
P0ACV8,0
P76037,0
P78061,0
P76038,0
P0A9U6,0
P23883,0
P37906,0
P50457,0
P37344,0
P0AFM6,0
P0AFM9,0
P0AFV8,0
P76041,0
P76042,0
P0AFR7,0
P77716,0
P76043,0
P76044,0
P77503,0
P77154,0
P77366,0
P76045,0
P77615,0
P76046,0
P07604,0
P0A862,0
P51981,0
P76049,0
P77333,0
P77348,0
P0AEB5,0
P0AAC0,0
P0A9E5,0
P0AFH0,0
P46133,0
P76052,0
P77357,0
P77744,0
P77302,0
P64423,0
P21693,0
P76055,0
P76056,0
P76057,0
P33230,0
P33229,0
P33228,0
P15032,0
P15033,0
P38393,0
P38392,0
P76061,0
P77546,0
P76066,0
P77551,0
P23849,0
P76068,0
P76069,0
P77658,0
P76071,1
P76072,0
P77163,0
P0ADI0,0
P76073,0
P37903,0
P77747,0
P52647,0
P52643,0
P52645,0
P64448,0
P76076,0
Q47129,0
P80668,0
P46883,0
P77455,0
P76077,0
P76078,0
P76080,0
P76081,0
P76082,0
P77467,0
P76083,0
P76084,0
P0C7L2,0
P76085,0
P25906,0
P25907,0
P76090,0
P76091,0
P76092,0
P76093,0
P43329,0
P34209,0
P25553,0
P0ABE5,0
P0ACW4,0
P76096,0
P77171,0
P76097,0
P40120,0
P0ACW6,0
P76100,0
P25396,0
P25397,0
P64451,0
P76102,0
P76103,0
P76104,0
P64459,0
P77730,0
P76108,0
P77674,0
P64453,0
P64455,0
P76113,0
P76114,0
P76115,0
P77610,0
P76117,0
P76118,0
P24211,0
P31991,0
P28917,0
P31992,0
P76121,0
P0AF32,0
P19317,0
P19318,0
P19319,0
P37758,0
P76122,0
P46136,0
P24183,0
P0AAJ3,0
P0AEK7,0
P39451,0
P26616,0
P68191,0
P76127,0
P0C0L2,0
P77622,0
P77268,0
P77308,0
P76128,0
P77790,0
P76129,0
P0AA89,0
P64426,0
P63235,0
P69910,0
P31828,0
P31827,0
P31826,0
P76134,0
P77318,0
P76135,0
P76136,0
P77561,0
P77588,0
P77294,0
P77789,0
P76137,0
P76138,0
P23874,0
P23873,0
P77286,0
P32051,0
P77432,0
P76141,0
P77257,0
P77672,0
P0AFS1,0
P76142,0
P76143,0
P64461,0
P76145,0
P76146,0
P0A6L7,0
P76147,0
P0A6W0,0
P76149,0
P77309,0
P76150,0
P31122,0
P0AEY1,0
P27245,0
P31121,0
P31125,0
P31129,0
P31130,0
P31131,0
P24171,0
P39831,0
P0ACM2,0
P64463,0
P77260,0
P77228,0
P76154,0
P77170,0
P76155,0
P77515,0
P31061,0
P76156,0
P77695,0
P76157,0
P0A986,0
P76158,0
P76159,0
P36995,0
P0A976,0
P76161,0
P76162,0
P07010,0
P0ACG6,0
P0C079,0
P77609,0
P76164,0
P76165,0
P06965,0
P0ACW8,0
P21418,0
P09557,0
P29010,0
Q47138,0
P0CF60,1
P76168,0
P38105,0
P38104,0
P76170,0
P0A951,0
P67553,0
P77374,0
P77783,0
P76173,0
P69853,0
P76175,0
P0A6E9,0
P50456,0
P77559,0
P43531,0
P36560,0
P76176,0
P69212,0
P0AFS5,0
P0AB67,0
P07001,0
P76177,0
P0AAE5,0
P0AFS3,0
P0ACX0,0
P52108,0
P05042,0
P0AC33,0
P00946,0
Q47706,0
P0CE44,0
P05804,0
P0AET8,0
P18811,0
P19642,0
P23256,0
P22333,0
P77376,0
P64467,0
P76180,0
P77223,0
P77611,0
P76182,0
P77285,0
P77179,0
P0AB83,0
P0A9D2,0
P77150,0
P0AGJ9,1
P0AFI7,0
P28224,0
P77570,0
P0A905,0
P0A8W2,0
P64471,0
P76185,0
P76186,0
P0AGD1,0
P76187,0
P67430,0
P77258,0
P0AC81,0
P30015,0
P76190,0
P0AGD3,0
P77389,0
P0ACP7,0
P0ACR2,0
P37597,0
P0A9H7,0
P0AFU8,1
P37340,0
P77552,0
P77148,0
P77147,0
P77409,0
P77564,0
P76192,0
P0AAL6,0
P0ACX5,0
P0AD61,0
P69776,0
P76193,0
P76194,0
P77444,0
P77689,0
P77499,0
P77522,0
P64476,0
P77748,0
P0AFS7,0
P76197,0
P76198,0
P05194,0
P37766,0
P77402,0
P76201,0
P77337,0
P38135,0
P23538,0
P0A8A4,0
P0ACX9,0
P77649,0
P76204,0
P23898,0
P06611,0
P06609,0
P0A6X7,0
P07395,1
P08312,1
P0AD74,0
P0A7L3,1
P0A7Q1,0
P0A707,1
P0A8M3,1
P06999,0
P77739,0
P76208,0
P77247,0
P64481,0
P77529,0
P76210,0
P0AE60,0
P21179,0
P37794,0
P17411,0
P17410,0
P17334,0
P0ADB1,0
P18843,1
P77754,0
P76215,0
P76217,0
P77581,0
P09030,0
P76219,0
P76220,0
P76221,0
P76223,0
P76224,0
P78067,0
P76226,0
P77788,0
P76227,0
P00370,0
P76228,0
P08395,0
P0A962,0
P21369,0
P38055,0
P77721,0
P77256,0
P77493,0
P77704,0
P77280,0
P76230,0
P77539,0
P76231,0
P0A746,0
P0A9B2,1
P39173,0
P76234,0
P0A908,0
P0ACY3,0
P76235,0
P76236,0
P76237,0
P64483,0
P76239,0
P0ACY6,0
P76241,0
P64493,0
P76245,0
P64485,0
P64496,0
P64488,0
P76249,0
P76250,0
P76251,0
P0ABD1,0
P0ABR7,0
P76254,0
P09155,0
P69451,0
P0AA91,0
P76256,1
P76257,0
P64490,0
P67338,0
P05041,0
P43337,0
P16095,0
P76261,0
P0AEC0,0
P69797,0
P69801,0
P69805,0
P67601,0
P76264,0
P36999,0
P0A9Y6,0
P64508,0
P64499,0
P64512,0
P76268,0
P76269,0
P23894,0
P45577,0
P76270,0
P0AD03,0
P76272,0
P76273,0
P64503,0
P76275,0
P55798,0
P76278,0
P0AA57,0
P0ABS8,0
P76280,0
P0AEK0,0
P24555,0
P33219,0
P33221,0
P0A955,0
P0ADF6,0
P46118,0
P21599,0
P24205,0
P0AFS9,0
P39172,0
P0A9X1,0
P39832,0
P0A812,0
P0A809,0
P24238,0
P21889,1
P0ADI7,0
P37348,0
P64515,0
P76290,0
P46923,0
P52005,0
P52007,0
P11875,1
P76296,0
P76297,0
P76298,0
P76299,0
P0A9H9,0
P0AE67,0
P07330,0
P07018,0
P07017,0
P07363,0
P0AF06,0
P0ABY7,0
P0A8S9,0
P31677,0
P31678,0
P0A9A2,0
P76308,0
P0A998,0
P46887,0
P0AAD4,0
P0AD05,0
P0ABF8,1
P0AED5,0
P0AD07,0
P07026,0
P37774,0
P0AFT2,0
P76316,0
P0AEM9,0
P52627,0
P0AEM6,0
P04949,0
P24216,0
P26608,0
P0ABY2,0
P26612,0
P31063,0
P0AA31,0
P76318,0
P76319,0
P76322,0
P76323,0
P0A8T5,0
P25798,0
P0ABZ1,0
P31068,0
P52612,0
P52614,0
P06974,0
P22586,0
P0AC05,0
P0AC07,0
P33135,0
P0DMC9,0
P0AEG8,0
P64519,0
P76329,0
P76330,0
P64517,0
P46125,0
P0AA70,0
P09184,0
P46144,0
P76334,0
P31658,0
P76339,0
P76340,0
P76341,0
P76342,0
P76343,0
P76344,0
P76345,0
P76347,0
P76350,0
P0AE12,0
P0A8A2,0
P76352,0
Q47083,0
Q47005,0
P39176,0
P36562,0
P36561,0
P0AE76,0
P0CE53,0
P76359,0
P39180,0
P76361,0
P76362,0
P64521,0
P76364,0
P64526,0
P0A8M6,0
P33011,0
P33013,0
P33014,0
P33015,0
P0AA47,0
P76369,0
P0AD12,0
P60995,0
P60757,0
P06988,0
P06986,0
P06987,0
P60595,0
P10371,0
P60664,0
P06989,0
P76372,0
P76373,0
P00350,0
P36667,0
P37751,0
P37750,0
P37749,0
P37748,0
P37747,0
P37746,0
P37745,0
P37744,0
P37760,0
P37759,0
P71244,0
P71243,0
P71242,0
P77377,0
P71241,0
P24175,0
P24174,0
P32057,0
P32056,0
P32055,0
P0AC88,0
P0ACD2,0
P71239,0
P71238,0
P71237,0
P0ACC9,0
P77414,0
P76387,0
P0A930,0
P76389,0
P28249,0
P28248,0
P0A8F4,0
P38097,0
P04395,0
P36928,0
P76393,0
P76394,0
P76395,0
P76397,0
P76398,0
P76399,0
P36554,0
P30847,0
P69228,0
P76403,0
P37057,0
P76406,0
P76407,0
P0CF70,1
P0CF83,0
P69831,0
P37188,0
P69828,0
P0C8J8,0
P0C8J6,0
P0A991,0
P76417,0
P76418,0
P76419,0
P0ACM5,0
P76421,0
P76422,0
P76423,0
P76425,0
P64534,0
P33340,0
P33341,0
P33344,0
P0AF08,0
P00959,1
P33345,0
P33346,0
P33348,0
P33349,0
P33352,0
P33353,0
P33354,0
P33355,0
P0AFT5,0
P0AD14,0
P33358,0
P33359,0
P33360,0
P33361,0
P33362,0
P33363,0
P06149,0
P0AFI5,0
P0AD17,0
P33366,0
P33368,0
P33371,0
P60632,0
P0AD19,0
P0ABF6,0
P0AFY2,0
P64536,0
P76440,0
P25889,0
P23200,0
P0AAG8,0
P25748,0
P25747,0
P0A6T5,1
P33018,0
P17315,0
P25737,0
P0ACR4,0
P62723,0
P0A6C1,0
P33020,0
P33022,0
P33025,0
P30235,0
P20966,0
P0AEW9,0
P69811,0
P33026,0
P0A6N8,0
P33029,0
P33030,0
P76445,0
P0AFV4,0
P76446,0
P33913,0
P0AFU0,0
P33916,0
P0AD21,0
P28246,0
P0AA43,0
P33920,0
P0AD24,0
P33924,0
P0CE55,0
P31802,0
P0ABM9,0
P0AA86,0
P33927,0
P0ABM5,0
P0ABM1,0
P0ABL8,0
P33931,0
P0ABL5,0
P0ABL3,0
P33934,0
P0AAL3,0
P33937,0
P0A9I5,0
P0AAL0,0
P23827,0
P33940,0
P33941,0
P05050,0
P06134,0
P0AB85,0
P06996,0
P39838,0
P0DMC7,0
P0DMC5,0
Q06067,0
Q06065,0
P76458,0
P76459,0
P76460,0
P76461,0
P76462,0
P76463,0
P76466,0
P17994,0
P0AES4,1
P45508,0
P00452,1
P69924,1
P0ABW3,0
P27294,0
P45505,0
P09394,0
P08194,0
P0A9C0,0
P13033,0
P0A996,0
P76469,0
P77215,0
P77732,0
P77808,0
P76471,0
P52006,0
P45565,0
P77690,0
P77757,0
P77398,0
P76472,0
P76473,0
P76474,0
P37590,0
P29208,0
P0ABU0,0
P37355,0
P17109,0
P38051,0
P0AEH5,0
P0A8V0,0
Q47013,0
P76481,0
P76482,0
P76483,0
P76484,0
P76485,0
P76486,0
P0AFF0,0
P0AFE8,0
P33607,0
P0AFE4,0
P0AFE0,0
P0AFD6,0
P0AFD4,0
P33602,0
P31979,0
P0AFD1,0
P33599,0
P0AFC7,0
P0AFC3,0
P36771,0
P0A959,0
P76491,0
P0AFU2,0
P77625,0
P0A8W8,0
P0A8D9,0
P0A9M8,0
P39263,0
P65556,0
P67095,0
P77544,0
P77526,0
P0AC19,0
P77768,0
P07109,0
P0AEU3,0
P52094,0
P0AEU0,0
P09551,0
P0AG16,0
P09549,0
P08192,1
P0ABP6,0
P07649,0
P08390,0
P05459,0
P15286,0
P77549,0
P0A953,1
P77182,0
P64540,0
P76938,0
P0AD30,0
P0C0T5,0
P12008,0
P39199,0
P0A8B2,0
P76498,0
P76499,0
P76500,0
P76501,0
P77599,0
P77288,0
P76502,0
P77399,0
P76503,0
P0AD33,0
P10384,0
P76505,0
P76506,0
P37327,0
P37326,0
P77682,0
P77293,0
P76507,0
P77326,0
P77656,0
P76508,0
P76509,0
P76510,0
P0AD35,0
P76512,0
P76513,0
P76514,0
P76515,0
P76516,0
P46068,0
P08555,0
P00926,0
P52600,0
P52599,0
P0ACZ4,0
P30855,0
P76518,0
P0AA49,0
P0AFI0,0
P69902,0
O32528,0
P76521,0
P0ACV2,0
P77434,0
P0AA93,0
P0AE39,0
P77396,0
P77439,0
P77585,0
P76524,0
P77579,0
P0A6V8,0
P67729,0
P64542,0
P0A769,0
P0AFF2,0
P0CF93,0
P23842,0
P0AD37,0
P27238,0
P04805,1
P23841,0
P45562,0
P45563,0
P45564,0
P0ACR7,0
P39836,0
P15042,1
P77173,1
P0A6J3,0
P0ABK5,0
P0AA04,0
P08839,0
P40191,0
Q47702,0
P78271,0
P16703,0
P16676,0
P16701,0
P16700,0
P37440,0
P77245,0
P76535,0
P77272,0
P77619,0
P76536,0
P76537,0
P76538,0
P76539,0
P36548,0
P36553,0
P36547,0
P76540,0
P19636,0
P0AEJ6,0
P76542,0
P76543,0
P76545,0
P76547,0
P76548,0
P76549,0
P76551,0
P76552,0
P76553,0
P77277,0
P77445,0
P0ABF4,0
P77218,0
P65643,0
P76555,0
P76556,0
P63746,0
P76558,0
P0A867,0
P33570,0
P76559,0
P37128,0
P37127,0
P27896,0
P24177,0
P0AED7,1
P76561,0
P76562,0
P64429,0
P0A7D7,0
P0A903,0
P0A6L2,1
P0AE52,0
P23481,0
P23482,0
P77858,0
P77416,0
P0AEW1,0
P77437,0
P77329,0
P77423,0
P77668,0
P77453,0
P71229,0
P77733,0
P0AFI9,0
P66948,0
P76569,0
P0AGM7,0
P0A8F0,0
P08178,0
P08179,0
P0A7B1,0
P0AFL6,0
P77172,0
P64545,0
P65290,0
P76573,0
P04079,0
P0ADG7,0
P04994,0
P76575,0
P0A6P5,1
P77774,0
P76576,0
P60906,1
P62620,1
P27434,0
P36979,0
P76577,0
P76578,0
P31142,0
P0AFZ1,0
P37095,0
P0C0L9,0
P0AAC8,0
P0AGK8,0
P0AE01,0
P0ADG4,1
P77538,0
P54901,0
Q47142,0
Q47141,0
P0ABR5,0
P0CI31,0
P77650,0
P0AD47,0
P76584,0
P77360,0
P77315,0
P77509,0
P77269,0
P76585,0
P76586,0
P24232,0
P0A9Z1,0
P0AFU4,0
P0AD44,0
P52101,0
P15254,0
P0AGC5,0
P0AD42,0
P37767,0
P52102,0
P24224,1
P06616,1
P00803,1
P60785,0
P46187,0
P0AFX9,0
P0AFX7,0
P10902,0
P31825,0
P21507,0
P33634,0
P38101,0
P12295,0
P0AGJ5,0
Q47319,0
P76594,0
P23830,1
P46126,0
P0AEX3,0
P63284,0
P33644,0
P0AD49,0
P0AD72,0
P0A9J8,0
P07023,0
P00888,0
P11289,0
P64548,0
P46139,0
P07021,0
P0A7K6,1
P0A873,1
P0A7T3,1
P0AGD7,1
P64432,0
P09372,1
P0A7B3,1
P0A937,0
P0A832,0
P32053,0
P52123,0
P33997,0
P52124,0
P52125,0
P52126,0
P52127,0
P52128,0
P52129,0
P52130,0
P52131,0
P52132,0
P52133,0
P52134,0
O52982,0
P52135,0
P0CF86,0
P52138,0
P52139,0
P52140,0
P52141,0
P52143,0
P76611,0
P76612,0
P76621,0
P37339,0
P25526,0
P22256,0
P25527,0
P37338,0
P0AE42,0
P77295,0
P0ACG1,0
P64550,0
P0AD53,0
P0ADQ7,0
P39452,0
P37146,0
P14175,0
P14176,0
P0AFM2,0
P76630,0
P43667,0
P0ACR9,0
P27303,0
P0AEJ0,0
P45578,0
P0A6W9,0
P0ADR0,0
P77475,0
P69913,1
P0A7G6,0
P0A6G3,0
P41052,0
P56579,0
P56580,0
P05706,0
P05707,0
P15081,0
P15082,0
P17115,0
P37013,0
Q46877,0
P37596,0
P30131,0
P0AAK4,0
P24242,0
P24241,0
P24240,0
P0AEV7,0
P16433,0
P16431,0
P16430,0
P16429,0
P0AAK1,0
P0AEV4,0
P0A700,0
P0AAN3,0
P0AAM3,0
P24192,0
P24193,0
P19323,0
P23909,0
P55799,0
P52598,0
Q46888,0
Q46890,0
Q46891,0
Q46892,0
P13445,0
P0ADA3,0
P0A7A5,0
P0A840,0
Q57261,0
P62617,1
Q46893,1
P0A6S5,1
P46141,0
P0A6J1,0
P23845,0
P21156,0
P10423,0
P45956,0
Q46896,0
Q46897,0
Q46898,0
Q46899,0
P76632,0
Q46901,0
P38036,0
P17854,0
P17846,0
P38038,0
P65870,0
Q46904,0
Q46905,0
Q46906,0
Q46907,0
Q46908,0
Q46909,0
P76633,0
P77031,0
P55138,0
P64554,0
P55140,0
P0A6P9,1
P0A7E5,1
P0AEY3,0
P0AE70,0
P0AG20,0
P55135,0
P0AEC5,0
P0AES2,0
Q46915,0
Q46916,0
P65367,0
P0AA41,0
Q46919,0
P0A8U0,0
Q46920,0
P0ADR8,0
P0AAD6,0
P30744,0
P38506,0
P0A9S1,0
P0AB87,0
P11551,0
P69922,0
P11553,0
P0AEN8,0
P0ACK8,0
P0ADR6,0
P0ADR2,0
P0A9F6,0
P65292,0
Q46925,0
Q46927,0
P0A935,0
P63883,0
P0A6C5,0
P08394,0
P05458,0
P07648,0
P08372,0
P08370,0
P08371,0
P33554,0
P60955,1
P37177,0
P0A776,0
P06722,0
P67127,0
P65294,0
P0A9T4,0
P39196,0
P31119,0
P03024,0
P00861,0
P03030,0
P03813,0
P0AE24,0
P37769,0
Q46938,0
Q46939,0
P63340,0
Q46941,0
Q46942,0
Q46943,0
P77136,0
Q46786,0
Q46787,0
P76639,0
Q46789,0
Q46795,0
P0CF56,0
Q46796,0
Q46797,0
Q46798,0
Q46799,0
Q46800,0
Q46801,0
Q46802,0
Q46803,0
P66899,0
P65807,0
Q46806,0
Q46807,0
Q46808,0
Q46809,0
Q46810,0
Q46811,0
Q46812,0
Q46814,0
P67444,0
P76641,0
Q46819,0
Q46820,0
Q46821,0
Q46822,0
P0A8N3,0
P21893,0
P0AEG6,0
P0A8P8,0
P0ABY4,0
Q46824,0
P0ADE8,0
P67153,0
Q46829,0
P52037,0
P33195,0
P0A6T9,0
P27248,0
P25535,0
P0ADS2,0
P0AC28,0
P0A9T0,0
P0A7Z0,0
P64562,0
P0A8S1,0
P27253,0
P27254,0
P52045,0
P52043,0
P52044,0
P0ADS6,0
P0C0S1,0
P0AB71,1
P0A799,1
P0A9B6,0
P11664,0
P11663,0
P21437,0
P69826,0
P69824,0
P25894,0
P60651,0
P64567,0
P64570,0
P46879,1
P0A817,1
P0AEP1,0
P39902,0
P0AGL7,0
P0A8I1,1
P52052,0
P67080,0
P64564,0
P52060,0
P52061,0
P52062,0
P46142,0
P0ADS9,0
P0A8I5,0
P17802,0
P0A8P3,0
P0C066,0
P0AFF4,0
P21169,0
Q46831,0
Q46832,0
Q46833,0
Q46834,0
Q46835,0
Q46836,0
Q46839,0
P37330,0
P0AEQ1,0
P0AEP9,0
P0ACL5,0
Q46840,0
P0CE56,0
Q46841,0
P64572,0
Q46843,0
Q46844,0
P43676,0
P0AES0,0
Q46845,0
P0A703,0
P0AAN1,0
P0ACE0,0
P37180,0
P0AAJ8,0
P69741,0
P64574,0
Q46851,0
P0AG84,0
P0ABV2,0
P0ABU7,0
P06721,0
P0AA60,0
Q46855,0
Q46856,0
Q46857,0
Q46858,0
P65298,0
P26647,1
Q46863,0
Q46865,0
Q46866,0
P0ADU5,0
P52076,0
P40719,0
P0AEY5,0
P0ADU2,0
P20083,1
P0AEW4,0
Q93K97,0
P02930,0
A0A385XJN2,0
P0ADT2,0
P0ADT5,0
P24197,0
P0A8H3,0
P0A7J0,1
Q46868,0
P39834,0
P76655,0
P77616,0
P76656,0
P26649,0
P76657,0
P77306,0
P76658,0
P30870,0
P30871,0
P0ADT8,0
P06961,1
P60932,0
P60782,0
P45463,0
P05847,0
P0AC35,0
P39414,0
P05852,1
P68679,0
P0A9H1,0
Q46871,0
P64588,0
P50466,0
P42588,0
P42589,0
P06846,0
P06864,0
P0AC73,0
P42590,0
P42591,0
P42592,0
P42593,0
P67701,0
P64578,0
P42596,0
P42597,0
P42599,0
P42601,0
P0AGE4,0
P42603,0
P42604,0
P0A8G3,0
P0AA78,0
P0ACL2,0
P42616,0
P64581,0
P64585,0
P42619,0
P42620,0
P64590,0
P64592,0
P67660,0
P42624,0
P42625,0
P42628,0
P42632,0
P11868,0
P0AAD8,0
P0AGF6,0
P0ACQ7,0
P11865,0
P11864,0
P23524,0
P0ABQ2,0
P23522,0
P0AA80,0
P39829,0
P15373,0
P64594,0
P0ACK2,0
P0C8K0,0
P42906,0
P42907,0
P0AB74,0
P42909,0
P42910,0
P42911,0
P42912,0
P42913,0
P42914,0
P42915,0
P43319,0
P45464,0
P45465,0
P66817,0
P64596,0
P45468,0
P45470,0
P64599,0
P45527,0
P0ADV5,0
P0AAD2,0
P0A9P6,0
P0AFB1,0
P60340,0
P0A7G2,0
P0A705,1
P0A6E4,0
P42640,0
P0AG99,0
P0AC13,0
P0C0R7,0
P0AGK4,0
P0A6W5,0
P24228,0
P42641,1
P0AA73,0
P0A7L8,1
P0AG48,1
P0AD57,1
P0ACH1,0
P0A9W6,0
P0ADV7,0
P64604,0
P64606,0
P63386,0
P45394,0
P45395,0
P0ADV9,1
P0ADV1,1
P0AFX0,0
P0A894,0
P0A9N0,0
P64610,0
P46022,0
P0ABU5,0
P0AEC3,0
P0ADW6,0
P09831,0
P09832,0
P28721,0
P28722,0
P45420,0
P45421,0
P45423,0
P45424,0
P45425,0
P0A761,0
P41036,0
P0A6L4,0
P45428,0
P0AFZ3,0
P0ACA3,0
P0A7X3,1
P0AA10,1
P64612,0
P0ADW3,0
P61889,0
P64614,0
P46481,0
P46482,0
P46478,0
P67662,0
P0AGG8,0
P0A9J0,0
P25536,0
P16926,1
P0A9X4,1
P13518,0
P26646,0
P0ABD8,1
P24182,1
P45566,0
P16256,0
P0A8T1,0
P0ABT5,0
P28638,0
P64619,0
P0ACT2,0
P24180,0
P24181,0
P64622,0
P45766,0
P45767,0
P45768,0
P45769,0
P0A9W9,0
P45795,0
P15770,0
P45771,0
P0A828,0
P0A6K3,1
P23882,1
P36929,0
P0AGI8,0
P0ACS5,0
P36677,0
P0AG44,1
P0A7Z4,1
P0A7V8,1
P0A7R9,1
P0A7S9,1
P0A7Q6,0
P0AGA2,1
P02413,1
P0AG51,1
P0A7W1,1
P0C018,1
P0AG55,1
P0A7W7,1
P0AG59,1
P60624,1
P0ADY3,1
P0AG63,1
P0A7M6,1
P0A7U3,1
P60422,1
P0ADZ0,1
P60723,1
P60438,1
P0A7R5,1
P03825,0
P45756,0
P45757,0
P45758,0
P45759,0
P41441,0
P41442,0
P41443,0
P45760,0
P45761,0
P45762,0
P45763,0
P36678,0
P25960,0
P0ABD3,0
P0AE56,0
P13656,0
P0A6M8,1
P0A7S3,1
P64624,0
P45523,0
P0A8R4,0
P45522,0
P0A756,0
P63389,0
P45524,0
P67624,0
P0AEX5,0
P0ADX1,0
P0ACJ8,0
P45537,0
P18335,0
P00903,0
P20605,0
P0ADX5,0
P0AFL3,0
P60778,0
P08201,0
P0A9I8,0
P0AC26,0
P0AEA8,0
P64627,0
P45539,0
P0AC00,0
P45544,0
P45545,0
P45546,0
P64631,0
P45548,0
P45549,0
P45550,0
P45551,0
P45552,0
P00954,1
P0AEE8,0
P11557,0
P07639,0
P34749,0
P45750,0
P45751,0
P64634,0
P45753,0
P02918,0
P45799,0
P64636,0
P0ACG8,0
P0A6Y5,0
P45804,0
P22259,0
P0AEJ4,0
P0AA16,0
P30128,0
P0AEL3,0
P33650,0
P64638,0
P31667,0
P13001,0
P46846,0
P63020,0
P39835,0
P15977,0
P00490,0
P06993,0
P46850,0
P38035,0
P0ACL0,0
P09391,0
P0A6V5,0
P13035,0
P76692,0
P0AC86,0
P0A6U8,0
P0A6V1,0
P15067,0
P07762,0
P0A9Q9,1
P67143,0
P46859,0
P0ACP5,0
P46852,0
P46853,0
P46854,0
P46855,0
P46856,0
P0CF12,1
P0CF29,0
P46857,0
P18956,0
P0ADX7,0
P10908,0
P10907,0
P10906,0
P10905,0
P0AG80,0
P22731,0
P0A9S7,0
P22729,0
P0AEX7,0
P04816,0
P37613,0
P0AD96,0
P0AGB3,1
P0A9R7,1
P10121,1
P0ADI9,0
P37617,0
P0A890,0
P0AEE1,0
P37621,0
P0AGM0,0
P37623,0
P33590,0
P33591,0
P0AFA9,0
P33593,0
P33594,0
P0A6Z6,0
P16917,0
P28911,0
P28912,0
P0AGH1,0
P37624,0
P37626,0
P37627,0
P37630,0
P37631,0
P0AFJ7,0
P0A8S5,0
P0AED0,0
P36837,0
P68567,0
P27298,0
P37634,0
P37309,0
P0AB93,0
P0AB96,0
P37635,0
P0CE58,0
P37195,0
P0AFV2,0
P0AET2,0
P0AES9,0
P0AET5,0
P63204,0
P37636,0
P37637,0
P63201,0
P37639,0
P69908,0
P37197,0
P62601,0
P37640,0
P37641,0
P37642,0
P37643,0
P37645,0
P37646,0
P37647,0
P37648,0
P0A830,0
P37649,0
P37650,0
P37651,0
P37653,0
P37655,0
P0ADJ3,0
P37657,0
P0ADJ5,0
P37659,0
P37660,0
P37313,0
P0AAG0,0
P0AEG1,0
P0AEF8,0
P23847,0
P37661,0
P37662,0
P37663,0
P05100,0
P37664,0
P20099,0
P37665,0
P37666,0
P0ADK0,0
P0A9V5,0
P0A9X9,0
P19768,0
P19769,0
P00960,1
P37669,0
P0ADJ8,0
P11286,0
P09099,0
P00944,0
P37387,0
P37388,0
P0AGI4,0
P0ACI3,0
P27297,0
P25718,0
P09053,0
P56256,0
P37671,0
P37672,0
P37673,0
P37674,0
P37675,0
P37676,0
P37677,0
P37678,0
P37679,0
P37680,0
P37681,0
P37682,0
P37683,0
P0ADK4,0
P37685,0
P37686,0
P14081,0
P0A821,0
P0ACA1,0
P16916,0
P0AFV0,0
P32108,0
P00550,0
P09424,0
P0AF10,0
P0ADK8,0
P33231,0
P0ACL7,0
P33232,0
P0AGJ7,0
P0AC62,0
P0AG27,0
P37689,0
P37690,0
P37691,0
P11290,0
P07913,0
P0AB77,0
P25666,0
P67910,0
P37692,0
P27243,0
P27241,0
P27240,0
P27129,0
P27128,0
P27127,0
P27126,0
P25741,0
P25740,0
P25742,0
P0AC75,1
P0A6I6,1
P05523,0
P0A7N9,0
P0A7M2,1
P25531,0
P0ABQ0,1
P06968,1
P0A7E3,0
P0CG19,0
P23839,0
P23840,0
P0AGM2,0
P25772,0
P60546,1
P0A800,0
P0AG24,1
P0AER8,0
P0AGM9,0
P31433,0
P31434,0
P31435,0
P31436,0
P31437,0
P04846,0
P0ADL1,0
P0ADL3,0
P31440,0
P31441,0
P0AGC0,0
P09836,0
P09835,0
P0AGA6,0
P0ADF8,0
P08142,0
P03061,0
P31442,0
P31443,0
P0ADL6,0
P0ADM0,0
P31446,0
P31447,0
P31448,0
P31449,0
P69789,0
P31452,0
P60872,0
P0C058,0
P0C054,0
P0ADM4,0
P31455,0
P31456,0
P0AA76,0
P31459,0
P0ADM6,0
P0A8Y5,0
P09996,0
P0AES6,1
P0A988,1
P03004,1
P0A7P5,1
P0A7Y8,1
P25714,1
P0AD89,0
P0A853,0
P31462,0
P31463,0
P0ADM8,0
P0AGE6,0
P31466,0
P31467,0
P31468,0
P31469,0
P31470,0
P26218,0
P11988,0
P08722,0
P11989,0
P0A9K7,0
P0AAH0,0
P07654,0
P0AGH8,0
P17169,1
P0ACC7,1
P0ABB4,0
P0ABA6,0
P0ABB0,0
P0ABA4,0
P68699,0
P0AB98,0
P0ABC0,0
P0A6U5,0
P0A6U3,0
P03817,0
P0ACI6,0
P00963,0
P0ADN0,0
P31473,0
P63183,0
P04982,0
P04983,0
P0AGI1,0
P02925,0
P0A9J6,0
P0ACQ0,0
P31474,0
P31475,0
P0ADN2,0
P22787,0
P62522,0
P0DP89,0
P0ADG1,0
P0AB80,0
P05791,0
P04968,0
P05827,0
P05793,0
P0A9L5,0
P25552,0
P0A8J8,0
P0AA25,0
P0ADF3,0
P0AC78,0
P0AG00,0
P27828,0
P27829,0
P27830,0
P61887,0
P27832,0
P27833,0
P0AAA7,0
P27836,0
P27837,0
P25550,0
P25549,0
P0ACB7,0
P09127,0
P09126,1
P06983,1
P00936,0
P27838,0
P11291,0
P23305,0
P0ADP0,0
P27842,0
P27843,0
P27844,0
P0ADP2,0
P0A921,0
P15043,0
P0AG38,0
P0AG34,0
P07000,0
P27848,0
P0ADP5,0
P0A9F9,0
P25665,0
P56262,0
P12758,0
P0AG71,0
P69428,0
P69425,0
P0AFW0,0
P0AEN1,0
P21151,0
P21177,0
P21165,0
P27862,0
P0AFZ7,0
P0ACB4,1
P32125,0
P32173,0
P0ADP9,0
P0C0K3,0
P32128,0
P32129,0
P00582,0
P0A6P7,1
P0A8H6,0
P32131,0
P0AFB8,0
P0AFB5,0
P0A9C5,0
P0DTT0,0
P0ACM9,0
P32134,0
P32135,0
P76773,0
P32136,0
P32137,0
P32138,0
P32139,0
P32140,0
P32141,0
P0A9V8,0
P32143,0
P32144,0
P0A8Y3,0
P0A6M4,0
P0ADQ2,0
P0ADQ5,0
P0AFU6,0
P13024,0
P0AEL0,0
P0AAJ5,0
P32176,0
P32177,0
P32151,0
P32152,0
P32153,0
P32154,0
P32155,0
P32156,0
P32170,0
P32171,0
P09377,0
P09378,0
P27125,0
P00448,0
P0A712,0
P32157,0
P0AE82,0
P0AE88,0
P69380,0
P0A796,0
P0AG78,0
P06282,0
P0A858,0
P32160,0
P0AF34,0
P32162,0
P0AAB8,0
P28861,0
P0A9C9,0
P0A6F3,0
P0AER0,0
P0A8R0,0
P32166,0
P0A6H5,0
P0A7B8,0
P0ACN7,0
P0A7M9,0
P32167,0
P0A8U6,0
P00935,0
P00562,0
P0AEZ1,0
P13029,0
P0ABT8,0
P32668,0
P0A9S5,0
P32669,0
P32670,0
P32672,0
P69816,0
P32674,0
P32675,0
P32676,0
P32677,0
P0CB39,0
P00864,0
P23908,0
P0A6C8,0
P11447,0
P0ACQ4,0
P27306,0
P0ACU5,0
P0AF40,0
P23003,0
P06129,0
P22634,1
P06709,1
P0A7J7,0
P0A7L0,0
P0A7J3,1
P0A7K2,1
P0A8V2,1
P0A8T7,1
P27375,0
P30140,0
P30139,0
P30138,0
P30137,0
P30136,0
P32664,0
P68739,0
P32680,0
P0ACF0,0
P32681,0
P14377,0
P14375,0
P15640,0
P15639,0
P09162,0
P09163,0
P07623,0
P08997,0
P0A9G6,0
P11071,0
P23325,0
P16528,0
P13009,0
P0AF43,0
P0A7C6,0
P32684,0
P32685,0
P08660,0
P0AF45,0
P32687,0
P32688,0
P32689,0
P0AGF4,0
P68183,0
P02916,0
P0AEX9,0
P68187,0
P02943,0
P03841,0
P32690,0
P26602,0
P0AGK1,1
P0A7A7,1
P0ABN1,0
P0A7C2,1
P28303,0
P68206,0
P0AC51,0
P32695,0
P28304,0
P0ACB0,1
P0A6B4,0
P0AE22,0
P0AF48,0
P0AF50,0
P0AGE0,1
P32700,0
P32701,0
P0A9E2,0
P0ACS2,0
P0AF52,0
P32703,0
P32704,0
P32705,0
P0AF54,0
P27550,0
P0ABK9,0
P0ABL1,0
P0AAK7,0
P32709,0
P32710,0
P32711,0
P32712,0
P21345,0
P0AF56,0
P07658,0
P32714,0
P32715,0
P32716,0
P32717,0
P32719,0
P32720,0
P32721,0
P39265,0
P0ACS7,0
P37351,0
P16692,0
P16691,0
P16690,0
P16689,0
P16679,0
P16678,0
P16688,0
P16687,0
P16686,0
P16685,0
P16684,0
P0DP70,0
P0DP69,0
P16682,0
P16677,0
P16681,0
P0AFJ1,0
P0DM85,0
P39267,0
P0C0L7,0
P30844,0
P30843,0
P30845,0
P60061,0
P33234,0
P28629,0
P0ACH8,0
P06720,0
P02921,0
P39270,0
P14407,0
P0ABN9,0
P0AD01,0
P0AEC8,0
P0AF59,0
P39274,0
P0AF61,0
P0A8N5,0
P39276,0
P0A9H3,0
P0AAE8,0
P23890,0
P0ACU7,0
P36655,0
P69488,0
P0ABN5,0
P0AC38,0
P37147,0
P39277,0
P0A6F9,1
P0AF70,0
P39279,0
P39280,0
P69937,0
P0A901,0
P00811,0
P0A8Q3,0
P0A8Q0,0
P0AC47,0
P00363,0
P39282,0
P39283,0
P39285,0
P0A8K1,1
P39288,0
P31806,0
P0AF67,1
P26365,0
P23367,0
P25519,0
P0ABC7,0
P0ABC3,0
P0AF73,0
P0A7D4,0
P0AF63,0
P21499,0
P63177,0
P0AF76,0
P0AF78,0
P39293,0
P0AF80,0
P39295,0
P33222,0
P33224,0
P0AF82,0
P39297,0
P39298,0
P0A9W0,0
P39300,0
P39301,0
P69822,0
P69820,0
P39304,0
P39305,0
P39306,0
P0AF86,0
P0A7T7,1
P0A7R1,0
P39308,0
P39309,0
P39310,0
P0A9L3,0
P0AAE0,0
P69506,0
P39314,0
P39315,0
P0ACN2,0
P08331,0
P22255,0
P39187,0
P0ADE2,0
P0AE45,0
P0A744,0
P0ADE4,0
P39321,0
P0AE48,0
A0A385XK32,0
P33647,0
P0A7A9,1
P39325,0
P39328,0
P37772,0
P0A993,0
P37773,0
P0A8X0,0
P0AFK0,0
P0A9N8,0
P28903,0
P28904,0
P36672,0
P36673,0
P0ABB8,0
P0A7F3,0
P0A786,0
P0AD83,0
P39332,0
P39333,0
P0AF96,0
P39336,0
P04391,0
P0AF90,0
P39337,0
P39338,0
P07118,1
P68767,0
P0AF98,1
P0ADC6,1
P39342,0
P39343,0
P39344,0
P0A9P9,0
P39346,0
P39208,0
P27250,0
P39347,0
P0CF45,0
P0CF58,0
Q9Z3A0,0
P39351,0
P03835,0
P39352,0
P39353,0
P39354,0
P39355,0
P39212,0
P0CF90,0
Q47718,0
P15031,0
P15029,0
P15030,0
P15028,0
P13036,0
P23485,0
P23484,0
P39356,0
P39357,0
P39358,0
P39359,0
P39360,0
P39361,0
P39362,0
P39364,0
P39365,0
P39366,0
P39367,0
P39368,0
P39369,0
P39370,0
P39371,0
P69856,0
P0ADH5,0
P0ADH7,0
P04128,0
P39264,0
P31697,0
P30130,0
P08189,0
P08190,0
P08191,0
P0AC94,0
P24215,0
P39160,0
P39161,0
P39374,0
P39375,0
P39376,0
P39377,0
P0AEH8,0
P39379,0
P39380,0
P39381,0
P39382,0
P39383,0
P39384,0
P39385,0
P39386,0
P0DP21,0
P0DP22,0
P39389,0
P39390,0
P39391,0
P15006,0
P15005,0
P39394,0
P05719,0
P08957,0
P08956,0
P24202,0
P24203,0
P0ADC8,0
P39396,0
P02942,0
P39398,0
P39399,0
P39400,0
P39401,0
P18390,0
P0AEF0,1
P0ADD2,0
P0ADD5,0
P0ADD7,0
P39404,0
P39405,0
P39406,0
P28632,0
P0A8Y1,0
P0A7I4,0
P0AFH8,0
P39407,0
P39409,0
P37342,0
P0A6L0,0
P07650,0
P0A6K6,0
P0ABP8,0
P39410,0
P0AGC7,0
P0AGB0,0
P27278,0
P0A9W3,0
P0AGC3,0
P0A881,0
P39411,0
P0A7A2,0
P0ACI0,0
P0AE91,0
P08368,0
P08401,0
P08369,0
P0A9Q1,0
P0ADD9,0
P37005,0
P0A8K5,0
O32583,0
P56976,0
P0ADB4,0
P0ADB7,0
P0ACG4,0
P77091,0
P77494,0
P37305,0
P0AE26,0
P37908,0
P76616,0
Q46911,0
Q46817,0
P52048,0
P0CK95,0
P52074,0
P52073,0
Q46861,0
P42626,0
P42630,0
P46474,0
P30852,0
P45541,0
P46849,0
P0AC96,0
Q6BF16,0
Q6BF17,0
P31460,0
P0A8R9,0
P56258,0
P27840,0
P27859,0
P0AE85,0
Q6BEX0,0
P39393,0
Q2EES9,0
P0AFT8,0
Q2EEP9,1
Q9XB42,0
Q79E92,0
Q2EEQ2,0
P77528,0
Q47272,0
P58041,0
P18393,0
P0AAS9,0
P36937,0
Q2EEQ8,0
P56100,0
P0AC92,0
P56614,0
P58034,0
P0CB62,0
P58094,0
Q2EER5,0
P38394,0
P0ACW0,0
P58042,0
P0ACW2,0
P76106,0
Q2EES0,0
P0DPP1,0
Q2EES1,0
Q2MB16,0
P0AD10,0
Q2EES3,0
P69348,0
P33347,0
Q2EES6,0
V9HVX0,0
Q47377,0
Q2EET0,0
P0AD40,0
Q2EET2,0
P58033,0
P36675,0
P0ADW8,0
Q2M7M3,0
Q2M7R5,0
Q2M7X4,0
P0A8C8,0
P0ADN6,0
P64646,0
P58035,0
Q2EEU2,0
P55914,0
