A,B
A1Z6E0,O97143
A1Z6E0,P14785
A1Z6E0,P23573
A1Z6E0,P25007
A1Z6E0,P33244
A1Z6E0,P40657
A1Z6E0,P46824
A1Z6E0,P54361
A1Z6E0,Q8INB9
A1Z6E0,Q9I7I7
A1Z6E0,Q9I7K6
A1Z6E0,Q9V6L9
A1Z6E0,Q9VQI9
A1Z6E0,Q9VTU3
A1Z6E0,Q9VVN4
A1Z6W3,O16868
A1Z6W3,O76324
A1Z6W3,P07207
A1Z6W3,P17210
A1Z6W3,P18537
A1Z6W3,P40792
A1Z6W3,P46824
A1Z6W3,P48148
A1Z6W3,P51140
A1Z6W3,P55824
A1Z6W3,Q9V5N8
A1Z6W3,Q9VPH0
A1Z8N1,Q9VNB5
A1Z8P9,O02193
A1Z8P9,P29617
A1Z8P9,P34021
A1Z8P9,P35820
A1Z8P9,P48810
A1Z8P9,P50536
A1Z8P9,Q9VB08
A1Z9A2,Q9VSH3
A1Z9S1,O96860
A1Z9S1,P48610
A1Z9S1,P54623
A1Z9S1,Q9V6B9
A1Z9S1,Q9VTM0
A1Z9S1,Q9VTY4
A1Z9S1,Q9VVT5
A1ZA92,P25822
A1ZA92,P41093
A1ZA92,P54397
A1ZA92,Q24106
A1ZA92,Q8MLY8
A1ZA92,Q9VHS8
A1ZA92,Q9VNE9
A1ZAB5,P11146
A1ZAB5,Q0E940
A1ZAB5,Q7YU24
A1ZAB5,Q8INB9
A1ZAB5,Q94920
A1ZAB5,Q9VA91
A1ZAB5,Q9VTP4
A1ZAB5,Q9W0V1
A1ZAI3,P49905
A1ZAW5,P09491
A1ZAW5,P18432
A1ZAW5,Q24297
A1ZAW5,Q9VV74
A1ZAW5,Q9VVX0
A1ZAX1,O77410
A1ZAX1,P19538
A1ZAX1,P54623
A1ZAX1,Q0E940
A1ZAX1,Q7JVI3
A1ZAX1,Q95V55
A1ZAX1,Q9U9Q4
A1ZAX1,Q9VCK0
A1ZAX1,Q9VN25
A1ZAX1,Q9VN50
A1ZAX1,Q9VTU4
A1ZAX1,Q9VZS3
A1ZAX1,Q9W0V1
A1ZAX1,Q9W2D9
A1ZAX1,Q9W4X7
A1ZBE8,P46150
A1ZBW7,Q7JW27
A8JR14,O76927
A8JR14,Q9VAQ7
A8JR14,Q9VNI3
O01346,P08646
O01346,Q8INB9
O01346,Q95V55
O01382,O02002
O01382,O76460
O01382,P06002
O01382,P25724
O01382,Q24106
O01382,Q24307
O01382,Q24475
O01382,Q24570
O01382,Q8INB9
O01382,Q9VMQ5
O01382,Q9VP47
O01382,Q9XYF4
O01666,P34082
O01666,P35381
O01666,P48605
O01666,P54623
O01666,Q24251
O01666,Q24319
O01666,Q24407
O01666,Q24439
O01666,Q8INB9
O01666,Q94516
O01666,Q94920
O01666,Q95028
O01666,Q9VSA3
O01666,Q9W141
O01666,Q9XY35
O02002,P02828
O02002,P10041
O02002,P20105
O02002,P25724
O02002,P25867
O02002,P25932
O02002,P45447
O02002,P55824
O02002,Q01842
O02002,Q24106
O02002,Q24475
O02002,Q24570
O02002,Q24574
O02002,Q8INB9
O02002,Q9VK45
O02002,Q9XYF4
O02193,P04052
O02193,P06603
O02193,P24785
O02193,P50534
O02193,P50536
O02193,P84040
O02193,Q24368
O02193,Q9V3J8
O02193,Q9VXE6
O02195,P07548
O02195,P08646
O02195,Q95V55
O02195,Q9VND8
O02195,Q9W0V1
O02372,Q9VT92
O02649,P08879
O02649,P11346
O02649,P29349
O02649,Q06453
O02649,Q07436
O02649,Q24307
O02649,Q86BS6
O02649,Q8INB9
O02649,Q94527
O02649,Q9GNK5
O02649,Q9V3B4
O02649,Q9V4U9
O02649,Q9VCF0
O02649,Q9VCI0
O02649,Q9VD28
O02649,Q9VEZ5
O02649,Q9VMN5
O02649,Q9VXN9
O02649,Q9XZT6
O16130,O16797
O16130,O18640
O16130,O61231
O16130,O76927
O16130,P04359
O16130,P05389
O16130,P08570
O16130,P09180
O16130,P13060
O16130,P15357
O16130,P17704
O16130,P19889
O16130,P31009
O16130,P38979
O16130,P39018
O16130,P41093
O16130,P41094
O16130,P41126
O16130,P46222
O16130,P48149
O16130,P48159
O16130,P50887
O16130,P55828
O16130,P55830
O16130,P55841
O16130,Q06559
O16130,Q0E9B6
O16130,Q24154
O16130,Q24533
O16130,Q8MLY8
O16130,Q8T3U2
O16130,Q9VA91
O16130,Q9VB14
O16130,Q9VNE9
O16130,Q9VS34
O16130,Q9VTP4
O16130,Q9VXX8
O16130,Q9VZS5
O16130,Q9W237
O16797,O18640
O16797,O61231
O16797,O76927
O16797,P04359
O16797,P05389
O16797,P08570
O16797,P09180
O16797,P11346
O16797,P13060
O16797,P15357
O16797,P17704
O16797,P19889
O16797,P31009
O16797,P34082
O16797,P38979
O16797,P39018
O16797,P41093
O16797,P41094
O16797,P41126
O16797,P46222
O16797,P48149
O16797,P48159
O16797,P50887
O16797,P55828
O16797,P55830
O16797,P55841
O16797,Q06559
O16797,Q0E9B6
O16797,Q24154
O16797,Q8MLY8
O16797,Q8T3U2
O16797,Q9VA91
O16797,Q9VB14
O16797,Q9VGU5
O16797,Q9VNE9
O16797,Q9VS34
O16797,Q9VTP4
O16797,Q9VUJ0
O16797,Q9VXX8
O16797,Q9VZS5
O16797,Q9W237
O16797,Q9XY35
O16810,P23572
O16810,P23573
O16810,Q24168
O16810,Q24169
O16810,Q24472
O16810,Q27368
O16810,Q95RV2
O16810,Q9VYX1
O16810,Q9Y1B2
O16844,P12370
O16844,P16912
O16844,P18502
O16844,P19538
O16844,P20353
O16844,P54367
O16844,P91682
O16844,Q02936
O16844,Q24106
O16844,Q24533
O16844,Q9V407
O16867,P10981
O16867,P13096
O16867,P51140
O16867,P52304
O16867,Q01069
O16868,P18537
O16868,P51140
O16868,Q9V5N8
O16868,Q9VPH0
O17468,P12613
O17468,P25992
O17468,P34082
O17468,P48605
O17468,Q9V464
O17468,Q9VIW3
O18404,O97477
O18404,P07764
O18404,P08879
O18404,P15007
O18404,P17917
O18404,P22465
O18404,P25843
O18404,P35122
O18404,P46150
O18404,P48375
O18404,Q24307
O18404,Q27415
O18404,Q7JUX9
O18404,Q94527
O18404,Q961G1
O18404,Q9GNK5
O18404,Q9NFP5
O18404,Q9V3B4
O18404,Q9V429
O18404,Q9VEZ5
O18404,Q9VXN9
O18405,P39572
O18405,Q24319
O18405,Q7K1V5
O18405,Q94920
O18405,Q95RI5
O18405,Q9VSA3
O18408,P20477
O18408,Q9XYF4
O18412,P40427
O18412,P83949
O18412,Q9VC61
O18412,Q9VFS8
O18413,P22769
O18413,P23803
O18413,P26270
O18413,P34082
O18413,P40304
O18413,P45890
O18413,P48601
O18413,P48605
O18413,P54623
O18413,P55035
O18413,Q7K2G1
O18413,Q7KLV9
O18413,Q8INB9
O18413,Q95028
O18413,Q95083
O18413,Q9V3G7
O18413,Q9V3H2
O18413,Q9V3P6
O18413,Q9V5C6
O18413,Q9VC57
O18413,Q9VKD3
O18413,Q9VWH4
O18413,Q9W0V1
O18413,Q9XYN7
O18640,O61231
O18640,O61443
O18640,O76927
O18640,P04359
O18640,P05389
O18640,P07666
O18640,P08570
O18640,P09180
O18640,P11346
O18640,P13060
O18640,P15357
O18640,P17704
O18640,P19889
O18640,P31009
O18640,P34082
O18640,P38979
O18640,P39018
O18640,P40427
O18640,P41093
O18640,P41094
O18640,P41126
O18640,P46222
O18640,P48149
O18640,P48159
O18640,P50887
O18640,P55828
O18640,P55830
O18640,P55841
O18640,Q06559
O18640,Q0E9B6
O18640,Q24154
O18640,Q24307
O18640,Q8INB9
O18640,Q8MLY8
O18640,Q8T3U2
O18640,Q94527
O18640,Q9GNK5
O18640,Q9V3B4
O18640,Q9VA91
O18640,Q9VB14
O18640,Q9VC57
O18640,Q9VG82
O18640,Q9VNE9
O18640,Q9VS34
O18640,Q9VTP4
O18640,Q9VVR6
O18640,Q9VXX8
O18640,Q9VZS5
O18640,Q9W0V1
O18640,Q9W237
O44342,Q86BJ3
O44386,P07185
O44386,P18502
O44386,P54733
O44386,Q24025
O44386,Q27591
O44424,Q04787
O44424,Q7K0F0
O44424,Q8I8V0
O44424,Q9VYG2
O44437,P07183
O44437,P13060
O44437,P25158
O44437,P43332
O44437,Q9NFU0
O44437,Q9VHI4
O44437,Q9VV74
O46036,P07207
O46036,P07247
O46036,P08044
O46036,P13054
O46036,P14003
O46036,P15370
O46036,P16371
O46036,P18102
O46036,P18824
O46036,P22265
O46036,P23792
O46036,P25932
O46036,P39572
O46036,P48809
O46036,Q01071
O46036,Q24307
O46036,Q24368
O46036,Q7K0S9
O46036,Q94527
O46036,Q960X8
O46036,Q9N658
O46036,Q9U3V5
O46036,Q9V9W8
O46036,Q9VBW6
O46036,Q9VBW9
O46036,Q9VEZ5
O46036,Q9VFR0
O46036,Q9VMJ7
O46036,Q9VPQ6
O46036,Q9VPS5
O46036,Q9VXN9
O46043,P07909
O46043,Q24298
O46098,Q94519
O46098,Q9VKD3
O46106,P17886
O46106,P19538
O46106,P43332
O46106,Q8I8V0
O46106,Q8SYG2
O46106,Q9VA91
O46106,Q9VHI4
O46108,P18502
O46108,P50445
O46108,Q9VLR9
O46197,P48592
O46202,O96860
O46339,P02835
O46339,P02836
O46339,P07548
O46339,P09077
O46339,P09087
O46339,P10105
O46339,P19538
O46339,P20009
O46339,P22265
O46339,P26686
O46339,P29555
O46339,P40427
O46339,P54733
O46339,P83949
O46339,Q45VV3
O46339,Q8SZ63
O46339,Q960X8
O46339,Q9U3V5
O46339,Q9VPS5
O46339,Q9W1A4
O46341,Q8ST83
O61231,O76927
O61231,P04359
O61231,P05389
O61231,P08570
O61231,P09180
O61231,P13060
O61231,P15357
O61231,P17644
O61231,P17704
O61231,P19889
O61231,P31009
O61231,P38979
O61231,P39018
O61231,P41093
O61231,P41094
O61231,P41126
O61231,P46222
O61231,P48149
O61231,P48159
O61231,P50887
O61231,P55828
O61231,P55830
O61231,P55841
O61231,Q01644
O61231,Q06559
O61231,Q0E9B6
O61231,Q24118
O61231,Q24154
O61231,Q8MLY8
O61231,Q8T3U2
O61231,Q95V55
O61231,Q9VA91
O61231,Q9VB14
O61231,Q9VND8
O61231,Q9VNE9
O61231,Q9VS34
O61231,Q9VTP4
O61231,Q9VXX8
O61231,Q9VZS5
O61231,Q9W0V1
O61231,Q9W237
O61267,O76460
O61267,O76922
O61267,P12982
O61267,P13097
O61267,P20483
O61267,P20659
O61267,P52304
O61267,P54350
O61267,P62152
O61267,Q26454
O61267,Q27297
O61267,Q6J5K9
O61267,Q7KRY6
O61267,Q9V461
O61267,Q9V468
O61267,Q9VS24
O61267,Q9VXG8
O61267,Q9W157
O61307,Q02936
O61307,Q24322
O61307,Q9VEN1
O61443,O62618
O61443,P06742
O61443,P07665
O61443,P07713
O61443,P10383
O61443,P17336
O61443,P18289
O61443,P40791
O61443,P49071
O61443,Q26454
O61443,Q7K486
O61443,Q9VBP9
O61443,Q9VCI0
O61443,Q9VKV5
O61443,Q9VPH7
O61443,Q9VPQ6
O61443,Q9W252
O61491,Q9VVI9
O61491,Q9W1K5
O61491,Q9XTN2
O61613,O76924
O61643,P25723
O61643,P42003
O61643,Q967D7
O61734,O61735
O61734,P22464
O61734,P49021
O61734,Q8SWR8
O61735,O76324
O61735,P08182
O61735,P15357
O61735,P25439
O61735,P49021
O61735,Q24322
O61735,Q8SWR8
O61735,Q9VYG2
O62589,P05049
O62589,Q86BJ3
O62618,P18289
O62618,P49071
O62618,Q9V6U9
O62618,Q9VBP9
O62618,Q9W252
O62621,P40945
O62621,P61209
O62621,Q95V55
O62621,Q9NFU0
O62621,Q9VNB5
O76324,P08646
O76324,P18537
O76324,P19538
O76324,P33450
O76324,P40792
O76324,P40793
O76324,P49021
O76324,P51140
O76324,P54367
O76324,Q94901
O76324,Q9NDJ2
O76324,Q9NFU0
O76324,Q9VA38
O76324,Q9VVX3
O76454,P34082
O76460,P92208
O76460,Q9VGI8
O76460,Q9VH95
O76460,Q9VXG8
O76460,Q9W157
O76464,P18824
O76878,Q9VLS1
O76922,P02828
O76922,P07487
O76922,P14785
O76922,P15007
O76922,P17210
O76922,P19109
O76922,P20439
O76922,P22745
O76922,P23128
O76922,P25158
O76922,P25724
O76922,P25823
O76922,P34082
O76922,P48598
O76922,Q01820
O76922,Q02748
O76922,Q23972
O76922,Q24009
O76922,Q24298
O76922,Q8MQJ9
O76922,Q9NDJ2
O76922,Q9NFU0
O76922,Q9VIW3
O76922,Q9VXG8
O76924,P52487
O76924,Q06559
O76924,Q23985
O76924,Q94981
O76924,Q9V3B4
O76924,Q9VMW8
O76927,P04359
O76927,P04814
O76927,P05389
O76927,P08570
O76927,P08879
O76927,P09180
O76927,P13060
O76927,P15357
O76927,P17704
O76927,P19889
O76927,P31009
O76927,P38979
O76927,P39018
O76927,P41093
O76927,P41094
O76927,P41126
O76927,P46222
O76927,P48149
O76927,P48159
O76927,P48375
O76927,P50887
O76927,P55828
O76927,P55830
O76927,P55841
O76927,P61851
O76927,P91682
O76927,Q06559
O76927,Q0E9B6
O76927,Q24154
O76927,Q7JZB4
O76927,Q8MLY8
O76927,Q8T3U2
O76927,Q94527
O76927,Q9GNK5
O76927,Q9NFP5
O76927,Q9V429
O76927,Q9VA91
O76927,Q9VB14
O76927,Q9VK34
O76927,Q9VLN1
O76927,Q9VNE9
O76927,Q9VNI3
O76927,Q9VS34
O76927,Q9VTP4
O76927,Q9VXX8
O76927,Q9VZS5
O76927,Q9W237
O76927,Q9W2M2
O77059,P06002
O77059,P10676
O77059,P13360
O77059,P22810
O77059,P49021
O77059,Q05201
O77059,Q24008
O77059,Q24106
O77059,Q27350
O77059,Q8SWR8
O77237,P04359
O77237,P07187
O77237,P22812
O77237,P24156
O77237,P27716
O77237,Q05652
O77237,Q9I7X6
O77237,Q9V719
O77237,Q9VIW3
O77277,P48596
O77277,Q9NFU0
O77277,Q9VMV6
O77410,Q0E940
O77410,Q7JVI3
O77410,Q95V55
O77410,Q9U9Q4
O77410,Q9VCK0
O77410,Q9VN25
O77410,Q9VN50
O77410,Q9VTU4
O77410,Q9W2D9
O77410,Q9W4X7
O77459,P07713
O77459,P09085
O77459,P18102
O77459,Q7KRI2
O77459,Q8I8V0
O77459,Q9W0T1
O77460,P34021
O77460,Q24368
O77460,Q9NDJ2
O77460,Q9VYG2
O77460,Q9W0T1
O96433,Q9VW51
O96553,P42287
O96690,Q9VLK4
O96827,Q04499
O96827,Q9NJH0
O96827,Q9VAY3
O96827,Q9VEZ5
O96827,Q9XY35
O96860,Q86BS6
O96860,Q9VM65
O97067,P05389
O97067,P27398
O97067,P54357
O97067,Q7K486
O97125,P13097
O97125,Q9VC57
O97125,Q9VEZ5
O97143,P09081
O97143,P15357
O97143,P20480
O97143,P25008
O97143,P34021
O97143,P35381
O97143,P52304
O97143,Q24311
O97143,Q27297
O97143,Q8T4F7
O97143,Q9NGC3
O97143,Q9VKH6
O97143,Q9VT28
O97143,Q9Y149
O97178,P07207
O97178,P13095
O97178,P29503
O97179,P29503
O97420,P18289
O97420,P19889
O97420,Q9V411
O97420,Q9V7D2
O97420,Q9VHV5
O97420,Q9VVB4
O97477,P07764
O97477,P08879
O97477,P13060
O97477,P15007
O97477,P17917
O97477,P22465
O97477,P25843
O97477,P33450
O97477,P35122
O97477,P46150
O97477,P48375
O97477,P54353
O97477,Q27415
O97477,Q45VV3
O97477,Q95RI5
O97477,Q9NFP5
O97477,Q9VBV5
O97477,Q9VH95
O97477,Q9VL18
O97477,Q9VMW7
P02516,P07666
P02516,P14199
P02516,P14785
P02516,P48809
P02516,Q8IRH5
P02516,Q8T0R7
P02516,Q94524
P02516,Q9V9V9
P02516,Q9VCY8
P02516,Q9VEU5
P02516,Q9VEU6
P02516,Q9VI55
P02516,Q9VPR4
P02516,Q9VPY8
P02516,Q9VSZ6
P02516,Q9VT70
P02516,Q9VTT9
P02516,Q9VUR0
P02516,Q9VXN4
P02516,Q9W0E8
P02516,Q9W2X7
P02572,P10083
P02572,P10084
P02572,P11346
P02572,P25158
P02572,P25439
P02572,Q24547
P02572,Q8I7C3
P02572,Q9VXN9
P02574,P06742
P02574,P07764
P02574,P09491
P02574,P13706
P02574,P18091
P02574,P18432
P02574,P20385
P02574,P25158
P02574,P47947
P02574,P48610
P02574,Q26416
P02574,Q8I7C3
P02574,Q8SY61
P02574,Q9VXN9
P02828,P04052
P02828,P11346
P02828,P15357
P02828,P18475
P02828,P20659
P02828,P22465
P02828,P25724
P02828,P29349
P02828,P35381
P02828,P48423
P02828,P48603
P02828,P55035
P02828,P61209
P02828,P91929
P02828,P92204
P02828,Q23972
P02828,Q27415
P02828,Q27934
P02828,Q7YU81
P02828,Q94920
P02828,Q95RI5
P02828,Q9VZZ9
P02828,Q9W349
P02835,P05084
P02835,P06601
P02835,P06602
P02835,P13468
P02835,P14003
P02835,P33244
P02835,P48598
P02835,P49028
P02835,P54353
P02835,Q9V535
P02835,Q9XYN7
P02836,P05527
P02836,P09083
P02836,P16371
P02836,P18502
P02836,P19538
P02836,P27398
P02836,P30975
P02836,P40427
P02836,Q9NBD7
P02836,Q9VPH7
P02836,Q9VWE0
P04052,P05205
P04052,P08928
P04052,P19538
P04052,P20227
P04052,P25439
P04052,P41900
P04052,P50534
P04052,P92204
P04052,Q24368
P04052,Q24562
P04052,Q45VV3
P04052,Q9VGS2
P04052,Q9VP22
P04052,Q9VPC0
P04052,Q9VYD1
P04052,Q9W420
P04359,P05389
P04359,P08570
P04359,P09180
P04359,P13060
P04359,P15357
P04359,P17704
P04359,P19889
P04359,P31009
P04359,P38979
P04359,P39018
P04359,P41093
P04359,P41094
P04359,P41126
P04359,P46222
P04359,P48149
P04359,P48159
P04359,P50887
P04359,P55828
P04359,P55830
P04359,P55841
P04359,Q06559
P04359,Q0E9B6
P04359,Q24154
P04359,Q8MLY8
P04359,Q8T3U2
P04359,Q9VA91
P04359,Q9VB14
P04359,Q9VNE9
P04359,Q9VS34
P04359,Q9VTP4
P04359,Q9VXX8
P04359,Q9VZS5
P04359,Q9W237
P04388,P07713
P04388,P08646
P04388,P11346
P04388,P92177
P04388,Q00805
P04388,Q95V55
P04388,Q9U3V9
P04388,Q9VVR6
P04388,Q9VYX1
P04814,Q9V429
P04950,P06002
P04950,P10676
P05031,P18459
P05049,Q86BJ3
P05084,P07247
P05084,P08928
P05084,P09081
P05084,P18459
P05084,P25724
P05084,P25822
P05084,Q7M3M8
P05084,Q8IN81
P05084,Q8MQJ9
P05084,Q9VBW6
P05130,P51140
P05130,Q27403
P05205,P07909
P05205,P08928
P05205,P08985
P05205,P18289
P05205,P20193
P05205,P35600
P05205,P41073
P05205,P42124
P05205,P42287
P05205,P48810
P05205,Q05344
P05205,Q24151
P05205,Q24168
P05205,Q24169
P05205,Q86B87
P05205,Q8IN81
P05205,Q8INM3
P05205,Q8IRG6
P05205,Q8MT36
P05205,Q95RV2
P05205,Q9GQN5
P05205,Q9NJG9
P05205,Q9V333
P05205,Q9V4F9
P05205,Q9VEC1
P05205,Q9VFC0
P05205,Q9VIE6
P05205,Q9VLD6
P05205,Q9VTE2
P05205,Q9W5E0
P05205,Q9Y1B2
P05303,Q24307
P05303,Q94527
P05303,Q9GNK5
P05303,Q9V3B4
P05303,Q9VEZ5
P05303,Q9VL18
P05303,Q9VXN9
P05389,P08570
P05389,P08645
P05389,P09180
P05389,P13060
P05389,P15357
P05389,P17704
P05389,P19889
P05389,P31009
P05389,P33244
P05389,P38979
P05389,P39018
P05389,P41093
P05389,P41094
P05389,P41126
P05389,P46222
P05389,P48149
P05389,P48159
P05389,P50887
P05389,P55828
P05389,P55830
P05389,P55841
P05389,Q06559
P05389,Q0E9B6
P05389,Q24154
P05389,Q7KML2
P05389,Q8MLY8
P05389,Q8T3U2
P05389,Q95V55
P05389,Q9VA91
P05389,Q9VB14
P05389,Q9VG82
P05389,Q9VGC7
P05389,Q9VNE9
P05389,Q9VS34
P05389,Q9VTP4
P05389,Q9VVR6
P05389,Q9VXX8
P05389,Q9VZS5
P05389,Q9W237
P05527,P16371
P05527,Q7KML2
P05527,Q9W352
P05812,P46222
P05812,Q7K237
P05812,Q8INM3
P06002,P08255
P06002,P10035
P06002,P19107
P06002,P23625
P06002,P25160
P06002,P29844
P06002,P40792
P06002,P40793
P06002,P48554
P06002,P48609
P06002,P92208
P06002,Q04787
P06002,Q24008
P06002,Q24106
P06002,Q95SP2
P06002,Q9GNL3
P06002,Q9NFU0
P06002,Q9VA70
P06002,Q9W552
P06002,Q9XYF4
P06601,P08646
P06601,P09082
P06601,P19538
P06601,P54733
P06601,Q9NKV0
P06602,P09077
P06602,P09087
P06602,P10041
P06602,P16371
P06602,P28166
P06602,P29555
P06602,P34082
P06602,P83949
P06602,P91623
P06602,Q8IN81
P06602,Q95TU8
P06603,P07207
P06603,P13496
P06603,P15357
P06603,P34082
P06603,P46867
P06603,P50536
P06603,Q06849
P06603,Q24307
P06603,Q7K4W1
P06603,Q94527
P06603,Q9GNK5
P06603,Q9V3B4
P06603,Q9VEZ5
P06603,Q9VI55
P06603,Q9VTE0
P06603,Q9VVN4
P06603,Q9VXN9
P06604,Q24307
P06604,Q94527
P06604,Q9GNK5
P06604,Q9V3B4
P06604,Q9VEZ5
P06604,Q9VNB5
P06604,Q9VXN9
P06605,Q24307
P06605,Q94527
P06605,Q9GNK5
P06605,Q9V3B4
P06605,Q9VEZ5
P06605,Q9VXN9
P06742,P07764
P06742,P09491
P06742,P13706
P06742,P15007
P06742,P18091
P06742,P18432
P06742,P35554
P06742,P41043
P06742,P47947
P06742,P48610
P06742,P83967
P06742,Q24407
P06742,Q26416
P06742,Q7KNS3
P06742,Q8SY61
P06742,Q94516
P06742,Q94920
P07182,P54361
P07182,Q06559
P07182,Q0E9B6
P07182,Q6AWN0
P07182,Q94901
P07182,Q9NGC3
P07182,Q9VZ23
P07182,Q9W088
P07183,P17886
P07183,P18432
P07183,P27091
P07183,P31009
P07183,Q06559
P07183,Q24311
P07183,Q6NN85
P07183,Q7K0L4
P07183,Q9VN50
P07185,P48603
P07185,Q9V9V9
P07185,Q9VVN4
P07185,Q9VVR6
P07187,Q9XTL9
P07188,P07189
P07190,Q9VC57
P07191,P82711
P07207,P07548
P07207,P07713
P07207,P08630
P07207,P08646
P07207,P10041
P07207,P10180
P07207,P13095
P07207,P13097
P07207,P13098
P07207,P13360
P07207,P15357
P07207,P16371
P07207,P16554
P07207,P18490
P07207,P18491
P07207,P18502
P07207,P18537
P07207,P18824
P07207,P20227
P07207,P20483
P07207,P21519
P07207,P21520
P07207,P23645
P07207,P23654
P07207,P25439
P07207,P25932
P07207,P26675
P07207,P29503
P07207,P31396
P07207,P31409
P07207,P40304
P07207,P40792
P07207,P40793
P07207,P42519
P07207,P48603
P07207,P51023
P07207,P51140
P07207,P52304
P07207,P54269
P07207,P54360
P07207,P54733
P07207,P83949
P07207,P91891
P07207,P92208
P07207,P98081
P07207,Q01069
P07207,Q01071
P07207,Q01842
P07207,Q02748
P07207,Q23985
P07207,Q24255
P07207,Q24298
P07207,Q24337
P07207,Q24342
P07207,Q24472
P07207,Q24533
P07207,Q24535
P07207,Q26263
P07207,Q26366
P07207,Q27272
P07207,Q27934
P07207,Q7JXV9
P07207,Q7KRI2
P07207,Q7KRR5
P07207,Q7YU24
P07207,Q7YU81
P07207,Q8I7Z8
P07207,Q8I8U7
P07207,Q8IH24
P07207,Q8IN81
P07207,Q8INB9
P07207,Q8IRW8
P07207,Q8SX83
P07207,Q8T4F7
P07207,Q94511
P07207,Q94901
P07207,Q94918
P07207,Q95028
P07207,Q95YI5
P07207,Q9NDJ2
P07207,Q9NIV1
P07207,Q9NKV0
P07207,Q9U4H5
P07207,Q9V3A4
P07207,Q9V407
P07207,Q9V6X7
P07207,Q9V9W8
P07207,Q9VBW9
P07207,Q9VC27
P07207,Q9VCE6
P07207,Q9VCU9
P07207,Q9VEC1
P07207,Q9VK07
P07207,Q9VK34
P07207,Q9VMJ7
P07207,Q9VMW9
P07207,Q9VNE9
P07207,Q9VPR4
P07207,Q9VQG2
P07207,Q9VQI9
P07207,Q9VT57
P07207,Q9VVI9
P07207,Q9VW51
P07207,Q9W0E8
P07207,Q9W261
P07207,Q9Y0A7
P07207,Q9Y0H4
P07247,P07713
P07247,P09087
P07247,P16376
P07247,P18491
P07247,P29555
P07247,P31409
P07247,P41043
P07247,P42519
P07247,P51521
P07247,P52172
P07247,Q07436
P07247,Q24323
P07247,Q8IN81
P07247,Q9V3K3
P07247,Q9VEX9
P07486,P07487
P07486,P11146
P07486,P13706
P07486,P22465
P07486,P61857
P07486,Q24535
P07486,Q7KR04
P07486,Q8SWR8
P07487,P07764
P07487,P13706
P07487,P14318
P07487,P15007
P07487,P25823
P07487,P34082
P07487,P48610
P07487,Q9I7T7
P07487,Q9VK34
P07487,Q9VPS5
P07487,Q9VRJ9
P07487,Q9XTL9
P07487,Q9XYQ2
P07548,P09081
P07548,P10105
P07548,P13709
P07548,P22265
P07548,P23573
P07548,P31264
P07548,P40427
P07548,P48609
P07548,P50445
P07548,P52304
P07548,Q02936
P07548,Q24475
P07548,Q27403
P07548,Q9VLR9
P07548,Q9W484
P07664,P09081
P07665,P09085
P07666,Q8T088
P07666,Q960X8
P07713,P08111
P07713,P08646
P07713,P12370
P07713,P18475
P07713,P18502
P07713,P18824
P07713,P19538
P07713,P25723
P07713,P25724
P07713,P27091
P07713,P29349
P07713,P42003
P07713,P48612
P07713,P54356
P07713,P54733
P07713,P83949
P07713,Q01083
P07713,Q02748
P07713,Q02936
P07713,Q05201
P07713,Q24025
P07713,Q24151
P07713,Q24533
P07713,Q26366
P07713,Q27350
P07713,Q7KBL8
P07713,Q7KRI2
P07713,Q8IRW8
P07713,Q8SX83
P07713,Q9V853
P07713,Q9VQI9
P07713,Q9VRX6
P07713,Q9VZF4
P07764,P08879
P07764,P09491
P07764,P13706
P07764,P15007
P07764,P17917
P07764,P18091
P07764,P18432
P07764,P22465
P07764,P33450
P07764,P35122
P07764,P35554
P07764,P41043
P07764,P47947
P07764,P48375
P07764,P48610
P07764,P54361
P07764,P83967
P07764,Q24407
P07764,Q27415
P07764,Q7JRJ1
P07764,Q9NFP5
P07764,Q9V7S5
P07764,Q9VH95
P07764,Q9VMW7
P07764,Q9XTL9
P07909,P25724
P07909,P25822
P07909,P29617
P07909,P48612
P07909,P48809
P07909,P48810
P07909,P61209
P07909,Q24298
P07909,Q8INK6
P07909,Q95V55
P07909,Q9W1I9
P08044,P18502
P08044,Q27403
P08111,P08646
P08111,P16554
P08111,P51023
P08111,P51140
P08111,P54733
P08111,Q24151
P08111,Q9NFU0
P08111,Q9VND8
P08111,Q9W2F2
P08120,P33438
P08120,Q24025
P08120,Q27934
P08120,Q9VEZ5
P08175,P22807
P08175,P23792
P08175,P39768
P08175,Q9VPT8
P08182,P14734
P08182,P18432
P08182,P41093
P08182,P49021
P08182,Q23985
P08182,Q24536
P08182,Q27350
P08182,Q8MLY8
P08182,Q9VAQ1
P08182,Q9VK34
P08182,Q9VKQ3
P08182,Q9VUR7
P08182,Q9VZ09
P08510,P14599
P08510,P17210
P08510,P17917
P08510,P24785
P08510,P31007
P08510,P32870
P08510,Q9I7X6
P08570,P09180
P08570,P13060
P08570,P13097
P08570,P15357
P08570,P17704
P08570,P19889
P08570,P29310
P08570,P31009
P08570,P38979
P08570,P39018
P08570,P41093
P08570,P41094
P08570,P41126
P08570,P46222
P08570,P48149
P08570,P48159
P08570,P48603
P08570,P48605
P08570,P50887
P08570,P55828
P08570,P55830
P08570,P55841
P08570,Q06559
P08570,Q0E9B6
P08570,Q24154
P08570,Q8INB9
P08570,Q8MLY8
P08570,Q8T3U2
P08570,Q94514
P08570,Q95V55
P08570,Q9VA91
P08570,Q9VB14
P08570,Q9VI55
P08570,Q9VNE9
P08570,Q9VS34
P08570,Q9VS60
P08570,Q9VTP4
P08570,Q9VXX8
P08570,Q9VZS5
P08570,Q9W0V1
P08570,Q9W237
P08570,Q9W4Z4
P08630,P08646
P08630,P18475
P08630,P18502
P08630,P25843
P08630,P45594
P08630,P54733
P08630,Q9V785
P08630,Q9VBW3
P08645,P11346
P08645,P25159
P08645,P54733
P08645,P55824
P08645,Q24192
P08645,Q24319
P08645,Q95028
P08645,Q9VXK6
P08646,P10627
P08646,P11346
P08646,P12370
P08646,P13360
P08646,P15370
P08646,P16376
P08646,P18289
P08646,P18475
P08646,P18537
P08646,P20028
P08646,P20483
P08646,P21519
P08646,P25822
P08646,P25843
P08646,P26675
P08646,P29349
P08646,P31007
P08646,P31009
P08646,P40793
P08646,P40797
P08646,P42287
P08646,P42519
P08646,P47825
P08646,P48148
P08646,P48423
P08646,P48987
P08646,P49028
P08646,P49847
P08646,P50445
P08646,P51023
P08646,P51123
P08646,P51521
P08646,P52656
P08646,P54733
P08646,P55824
P08646,P92177
P08646,P92208
P08646,Q00805
P08646,Q01083
P08646,Q01842
P08646,Q02637
P08646,Q02936
P08646,Q05201
P08646,Q07407
P08646,Q08012
P08646,Q23989
P08646,Q24106
P08646,Q24151
P08646,Q24255
P08646,Q24475
P08646,Q24535
P08646,Q24573
P08646,Q27884
P08646,Q27889
P08646,Q27934
P08646,Q45VV3
P08646,Q7YZH1
P08646,Q86B87
P08646,Q8ML92
P08646,Q8SX83
P08646,Q94901
P08646,Q94918
P08646,Q9NBD7
P08646,Q9V535
P08646,Q9VAC5
P08646,Q9VCA8
P08646,Q9VH14
P08646,Q9VHS8
P08646,Q9VK45
P08646,Q9VKV5
P08646,Q9VQI9
P08646,Q9VVW5
P08646,Q9VW51
P08646,Q9VWE0
P08646,Q9VWY6
P08646,Q9VZF4
P08646,Q9W032
P08646,Q9W349
P08646,Q9XTN2
P08646,Q9Y1I2
P08841,P11346
P08841,P13496
P08841,Q24307
P08841,Q8INB9
P08841,Q9V3B4
P08841,Q9V3C1
P08841,Q9VEZ5
P08841,Q9VXN9
P08841,Q9W0V1
P08879,P13060
P08879,P15007
P08879,P17917
P08879,P22465
P08879,P22769
P08879,P25007
P08879,P25843
P08879,P29310
P08879,P35122
P08879,P46150
P08879,P48375
P08879,P48596
P08879,P53501
P08879,P54353
P08879,P61851
P08879,P62152
P08879,P91938
P08879,P92177
P08879,Q05783
P08879,Q24322
P08879,Q24407
P08879,Q24592
P08879,Q27415
P08879,Q94524
P08879,Q9I7K0
P08879,Q9NFP5
P08879,Q9V3A4
P08879,Q9V3C1
P08879,Q9V429
P08879,Q9VGS2
P08879,Q9VH95
P08879,Q9VL18
P08879,Q9VMW7
P08879,Q9VQS7
P08879,Q9VVF7
P08879,Q9VVR6
P08879,Q9VZF4
P08928,P16568
P08928,P25028
P08928,P34021
P08928,P34082
P08928,P54623
P08928,Q03427
P08928,Q24492
P08928,Q3LHL9
P08928,Q7JW27
P08928,Q94524
P08928,Q9V3I5
P08928,Q9VC57
P08928,Q9VXE6
P08928,Q9W157
P08970,P10084
P08970,P10180
P08970,P13709
P08970,P25439
P08970,P29555
P08970,P83949
P08970,Q24478
P08970,Q86B87
P08970,Q8MSV2
P08970,Q9VUM0
P08970,Q9W0T1
P08985,P23757
P08985,P54397
P08985,P84040
P08985,Q27368
P08985,Q5EAK6
P08985,Q960X4
P08985,Q9NDJ2
P08985,Q9V3I5
P08985,Q9VH07
P08985,Q9VZF4
P08985,Q9W252
P09077,P10105
P09077,P10627
P09077,P20009
P09077,P21519
P09077,P22265
P09077,P22711
P09077,P22807
P09077,P23757
P09077,P28166
P09077,P29052
P09077,P31264
P09077,P32031
P09077,P40427
P09077,P40791
P09077,P51023
P09077,P52172
P09077,P54733
P09077,Q05201
P09077,Q24459
P09077,Q7KTX8
P09081,P09085
P09081,P10379
P09081,P13496
P09081,P14785
P09081,P15357
P09081,P18475
P09081,P25159
P09081,P25724
P09081,P25822
P09081,P28750
P09081,P40689
P09081,P42003
P09081,P42570
P09081,P48149
P09081,P48598
P09081,P49028
P09081,P50445
P09081,Q01645
P09081,Q24106
P09081,Q24276
P09081,Q9VAN0
P09081,Q9VEX9
P09081,Q9VLR9
P09081,Q9VQU9
P09082,P54733
P09082,P61857
P09082,Q8INB9
P09085,P17210
P09085,P22977
P09085,P25822
P09085,Q8IRH5
P09085,Q9VA91
P09085,Q9VCE6
P09085,Q9VLP7
P09085,Q9VLT8
P09087,P10627
P09087,P13060
P09087,P16376
P09087,P20009
P09087,P20659
P09087,P21519
P09087,P22265
P09087,P22711
P09087,P22807
P09087,P23757
P09087,P28166
P09087,P29052
P09087,P29555
P09087,P31264
P09087,P32031
P09087,P40427
P09087,P40791
P09087,P41046
P09087,P42003
P09087,P51023
P09087,P52172
P09087,P83949
P09087,Q05201
P09087,Q24459
P09087,Q9V4Z9
P09087,Q9VCY3
P09087,Q9VHA0
P09087,Q9VS05
P09089,P25439
P09089,P42003
P09089,Q9VS38
P09180,P13060
P09180,P15357
P09180,P17704
P09180,P19889
P09180,P31009
P09180,P34082
P09180,P38979
P09180,P39018
P09180,P40320
P09180,P41093
P09180,P41094
P09180,P41126
P09180,P46222
P09180,P48149
P09180,P48159
P09180,P50887
P09180,P55828
P09180,P55830
P09180,P55841
P09180,Q06559
P09180,Q0E9B6
P09180,Q24154
P09180,Q7KML2
P09180,Q8MLY8
P09180,Q8T3U2
P09180,Q9VA91
P09180,Q9VB14
P09180,Q9VDG2
P09180,Q9VDS5
P09180,Q9VNE9
P09180,Q9VS34
P09180,Q9VTP4
P09180,Q9VVN4
P09180,Q9VXX8
P09180,Q9VZS5
P09180,Q9W237
P09180,Q9XTN2
P09491,P13706
P09491,P15007
P09491,P18091
P09491,P18432
P09491,P25158
P09491,P35554
P09491,P41043
P09491,P47947
P09491,P48610
P09491,P83967
P09491,Q24407
P09491,Q24439
P09491,Q27889
P09491,Q3LHL9
P09491,Q8SY61
P09491,Q94516
P09491,Q94920
P09491,Q9U3Z7
P09491,Q9VWH4
P09491,Q9W141
P09774,P10041
P09774,P13098
P09774,P14003
P09774,P18491
P09774,P18502
P09774,P21519
P09774,P31396
P09774,P48809
P09774,Q02748
P09775,P10084
P09775,P13097
P09775,P25932
P09775,P51023
P09775,Q01068
P09775,Q01069
P0CG69,P10383
P0CG69,P22745
P0CG69,P34739
P0CG69,P83967
P0CG69,P91682
P0CG69,Q24472
P0CG69,Q24570
P0CG69,Q7YU24
P0CG69,Q960X8
P0CG69,Q9VCI3
P0CG69,Q9VI55
P0CG69,Q9VVR1
P0CG69,Q9VVR6
P0CG69,Q9VZF4
P0CG69,Q9XYF4
P10035,P16371
P10035,P27091
P10035,P48612
P10035,P98163
P10035,Q7K0L4
P10035,Q9VNE9
P10041,P10181
P10041,P13496
P10041,P18491
P10041,P18537
P10041,P19538
P10041,P21519
P10041,P21520
P10041,P22265
P10041,P23645
P10041,P25159
P10041,P25439
P10041,P29349
P10041,P29503
P10041,P42519
P10041,P48987
P10041,P51140
P10041,P54269
P10041,P83949
P10041,P91682
P10041,P91891
P10041,Q00805
P10041,Q02936
P10041,Q06559
P10041,Q23985
P10041,Q24248
P10041,Q24342
P10041,Q24478
P10041,Q24535
P10041,Q24592
P10041,Q5EAK6
P10041,Q7YZH1
P10041,Q9N658
P10041,Q9NDJ2
P10041,Q9NI63
P10041,Q9V5N8
P10041,Q9V6X7
P10041,Q9VK34
P10041,Q9VM64
P10041,Q9VR91
P10041,Q9VZS5
P10041,Q9Y0A7
P10041,Q9Y0H4
P10083,P10084
P10083,P13097
P10083,P14003
P10083,P18491
P10083,P49258
P10083,Q01068
P10083,Q01069
P10083,Q8IN81
P10083,Q9N658
P10084,P13095
P10084,P13097
P10084,P14003
P10084,P16371
P10084,P18491
P10084,P25932
P10084,P48987
P10084,Q01068
P10084,Q01069
P10084,Q01071
P10084,Q02936
P10084,Q26263
P10084,Q27272
P10084,Q7YU81
P10084,Q86B87
P10084,Q94527
P10084,Q9N658
P10084,Q9VYG2
P10084,Q9VZ09
P10084,Q9Y0A7
P10105,P29555
P10105,P31264
P10105,P40427
P10105,P83949
P10180,P10383
P10180,P12370
P10180,P13709
P10180,P14003
P10180,P20353
P10180,P20659
P10180,P21519
P10180,P24350
P10180,P25439
P10180,P25843
P10180,P29310
P10180,P35820
P10180,P39413
P10180,P39736
P10180,P40792
P10180,P42124
P10180,P48598
P10180,P54733
P10180,P92204
P10180,Q01842
P10180,Q02748
P10180,Q24298
P10180,Q24478
P10180,Q4V5I9
P10180,Q86B87
P10180,Q86NP2
P10180,Q8I8U7
P10180,Q8I8V0
P10180,Q8MQJ9
P10180,Q94901
P10180,Q9BJZ5
P10180,Q9V429
P10180,Q9VHA0
P10180,Q9VS60
P10180,Q9VW51
P10180,Q9VYX1
P10181,P13360
P10181,P16371
P10181,P18502
P10181,P48987
P10181,Q02936
P10181,Q9N658
P10181,Q9VQI9
P10181,Q9Y0A7
P10333,Q961C9
P10333,Q9VCY8
P10379,P23023
P10379,Q8IRR5
P10383,P14785
P10383,P22745
P10383,P46150
P10383,P48809
P10383,P51521
P10383,P83949
P10383,Q8MSX1
P10383,Q8T6B9
P10383,Q9VGI8
P10627,P29555
P10627,P40791
P10627,P40795
P10627,P83949
P10627,Q9VS59
P10676,P62152
P10676,Q24008
P10981,P14199
P10981,P45594
P10981,Q8I7C3
P10981,Q9VH07
P10981,Q9VXN9
P11146,P34082
P11146,P61857
P11146,Q9VC57
P11146,Q9VYA8
P11346,P12080
P11346,P12613
P11346,P13060
P11346,P15357
P11346,P16376
P11346,P18289
P11346,P18475
P11346,P21519
P11346,P25439
P11346,P26675
P11346,P29310
P11346,P29349
P11346,P33450
P11346,P40792
P11346,P41094
P11346,P42519
P11346,P45437
P11346,P47825
P11346,P48149
P11346,P48810
P11346,P48987
P11346,P49847
P11346,P51023
P11346,P54353
P11346,P92177
P11346,Q00805
P11346,Q01842
P11346,Q02748
P11346,Q02936
P11346,Q05201
P11346,Q08012
P11346,Q24106
P11346,Q24255
P11346,Q24276
P11346,Q24475
P11346,Q24592
P11346,Q27884
P11346,Q27934
P11346,Q7KQM6
P11346,Q8ML92
P11346,Q8SX83
P11346,Q94524
P11346,Q95029
P11346,Q9VKD3
P11346,Q9VLR5
P11346,Q9VQI9
P11346,Q9VSA3
P11346,Q9VTC4
P11346,Q9VZS5
P11956,Q24533
P11995,Q04691
P11995,Q9V3X4
P11997,Q9V3X4
P12080,P29349
P12080,P34021
P12080,P92177
P12080,Q24025
P12080,Q24322
P12080,Q24535
P12080,Q9VT65
P12080,Q9Y117
P12297,P49028
P12297,Q9V535
P12297,Q9VHS8
P12297,Q9VKV8
P12370,P19538
P12370,P29845
P12370,P54623
P12370,P81900
P12370,P91682
P12370,Q02936
P12370,Q24106
P12370,Q24276
P12428,P19109
P12428,Q05783
P12428,Q06943
P12428,Q24574
P12428,Q8INM3
P12428,Q9GQN5
P12428,Q9V464
P12428,Q9V6L0
P12428,Q9VCE6
P12428,Q9VL72
P12613,P29349
P12613,P40797
P12613,P48605
P12613,Q24307
P12613,Q8INB9
P12613,Q95V55
P12613,Q9VEZ5
P12613,Q9VND8
P12613,Q9VS24
P12613,Q9VXN9
P12613,Q9W0V1
P12982,P20659
P12982,P23573
P12982,P40423
P12982,P46150
P12982,P48461
P12982,P54397
P12982,P91682
P12982,Q0E9G3
P12982,Q7K3L1
P12982,Q9I7I7
P12982,Q9VC61
P12982,Q9VVY3
P13054,P16378
P13054,P31007
P13054,Q9V3W6
P13060,P15007
P13060,P15357
P13060,P17704
P13060,P19889
P13060,P20354
P13060,P22465
P13060,P25932
P13060,P31009
P13060,P34082
P13060,P38979
P13060,P39018
P13060,P41093
P13060,P41094
P13060,P41126
P13060,P46150
P13060,P46222
P13060,P48149
P13060,P48159
P13060,P50887
P13060,P54356
P13060,P55828
P13060,P55830
P13060,P55841
P13060,P83949
P13060,Q06559
P13060,Q0E9B6
P13060,Q24154
P13060,Q24307
P13060,Q27415
P13060,Q8INB9
P13060,Q8MLY8
P13060,Q8T3U2
P13060,Q94527
P13060,Q9GNK5
P13060,Q9NFP5
P13060,Q9V3B4
P13060,Q9V3U2
P13060,Q9VA91
P13060,Q9VB14
P13060,Q9VEZ5
P13060,Q9VNE9
P13060,Q9VS34
P13060,Q9VTP4
P13060,Q9VXN9
P13060,Q9VXX8
P13060,Q9VZS5
P13060,Q9W237
P13060,Q9XYN7
P13095,P16371
P13095,P29503
P13096,P13097
P13096,P13098
P13096,P15370
P13096,P16371
P13096,Q01068
P13096,Q01069
P13096,Q01071
P13097,P13098
P13097,P16371
P13097,P48987
P13097,Q01069
P13097,Q01071
P13097,Q86B87
P13098,P14003
P13098,P16371
P13098,P29349
P13098,P48987
P13098,P61857
P13098,Q01069
P13098,Q01071
P13098,Q26263
P13098,Q27934
P13098,Q7KR04
P13098,Q9N658
P13098,Q9VLT8
P13098,Q9Y0A7
P13360,P14003
P13360,Q01842
P13360,Q02936
P13360,Q24106
P13360,Q27350
P13360,Q27889
P13468,P13496
P13468,P16568
P13468,P20385
P13468,P42287
P13468,P45889
P13468,P48809
P13468,P51521
P13468,Q7K2D2
P13468,Q7KNS3
P13468,Q9VH48
P13469,P20483
P13469,P33438
P13469,Q27415
P13469,Q9V6Q2
P13496,P14003
P13496,P17210
P13496,P20439
P13496,P25158
P13496,P42519
P13496,P45889
P13496,Q01083
P13496,Q24117
P13496,Q7K2D2
P13496,Q7KNS3
P13496,Q9I7I7
P13607,P15357
P13607,Q24048
P13607,Q24319
P13607,Q27268
P13607,Q45VV3
P13607,Q7KRW8
P13607,Q8INB9
P13607,Q8MLV1
P13607,Q95029
P13607,Q95RA8
P13607,Q960T2
P13607,Q9V3W6
P13607,Q9VEZ5
P13607,Q9VK34
P13607,Q9VSA3
P13607,Q9VZF4
P13677,P23625
P13677,Q24008
P13706,P15007
P13706,P18091
P13706,P18432
P13706,P23757
P13706,P35554
P13706,P41043
P13706,P47947
P13706,P48610
P13706,P83967
P13706,Q24407
P13706,Q24439
P13706,Q8MQJ9
P13706,Q94516
P13706,Q9W141
P13706,Q9XTL9
P13709,P20659
P13709,P35820
P13709,P40792
P13709,P84040
P13709,Q01083
P13709,Q24478
P13709,Q7JRJ1
P13709,Q86B87
P13709,Q94545
P13709,Q9VW15
P14003,P16371
P14003,P16568
P14003,P45889
P14003,P48987
P14003,P83949
P14003,Q01068
P14003,Q26263
P14003,Q7K2D2
P14003,Q7KNS3
P14003,Q9VK34
P14003,Q9Y0A7
P14199,P22769
P14199,Q24117
P14199,Q8T053
P14199,Q9VAI1
P14199,Q9VTT9
P14199,Q9W2X7
P14199,Q9XYN7
P14318,Q9VAY3
P14599,P17210
P14599,P18537
P14599,P34082
P14599,P46824
P14599,Q9U969
P14599,Q9W0K0
P14734,P55965
P14734,Q01642
P14734,Q01644
P14734,Q6NN85
P14734,Q8I8V0
P14734,Q8INB9
P14734,Q9VAN0
P14734,Q9VK45
P14785,P16554
P14785,P18824
P14785,P20439
P14785,P22469
P14785,P22745
P14785,P23572
P14785,P23573
P14785,P25867
P14785,P34021
P14785,P50445
P14785,P54733
P14785,Q01637
P14785,Q24152
P14785,Q24248
P14785,Q27368
P14785,Q8T4F7
P14785,Q960N3
P14785,Q9I7I0
P14785,Q9NGC3
P14785,Q9NI63
P14785,Q9VA38
P14785,Q9VWE0
P14785,Q9VXG8
P14785,Q9Y149
P15007,P15357
P15007,P17917
P15007,P18432
P15007,P22465
P15007,P25007
P15007,P25823
P15007,P25843
P15007,P35122
P15007,P41043
P15007,P46150
P15007,P48375
P15007,P48610
P15007,P61851
P15007,P91938
P15007,P92177
P15007,Q24407
P15007,Q27415
P15007,Q94920
P15007,Q9NFP5
P15007,Q9V429
P15007,Q9VC57
P15007,Q9VGS2
P15007,Q9VL18
P15357,P16568
P15357,P17704
P15357,P19538
P15357,P19889
P15357,P23654
P15357,P29310
P15357,P31009
P15357,P34082
P15357,P38979
P15357,P39018
P15357,P41093
P15357,P41094
P15357,P41126
P15357,P46150
P15357,P46222
P15357,P48149
P15357,P48159
P15357,P48610
P15357,P50887
P15357,P55035
P15357,P55828
P15357,P55830
P15357,P55841
P15357,P91682
P15357,P92177
P15357,Q02748
P15357,Q04499
P15357,Q06559
P15357,Q0E9B6
P15357,Q24139
P15357,Q24154
P15357,Q24475
P15357,Q24570
P15357,Q7K2G1
P15357,Q7KML2
P15357,Q8MLY8
P15357,Q8T3U2
P15357,Q95RI5
P15357,Q9I7K6
P15357,Q9VA91
P15357,Q9VB14
P15357,Q9VNE9
P15357,Q9VS34
P15357,Q9VTP4
P15357,Q9VXX8
P15357,Q9VZS5
P15357,Q9W237
P15370,Q01069
P15619,P52654
P15619,Q86PC9
P15619,Q9W2D6
P16163,P40656
P16163,P54361
P16163,Q9VGC7
P16371,P18824
P16371,P84040
P16371,Q01068
P16371,Q01069
P16371,Q01071
P16371,Q06453
P16371,Q26263
P16371,Q27350
P16371,Q94517
P16371,Q95RW8
P16371,Q9V464
P16371,Q9VJS8
P16376,P20153
P16376,P26675
P16376,P29349
P16376,P29555
P16376,P34021
P16376,P48423
P16376,P52656
P16376,P83949
P16376,Q01842
P16376,Q08012
P16376,Q27934
P16376,Q94899
P16378,P18537
P16378,P25455
P16378,P26308
P16378,P29844
P16378,P38040
P16378,Q06559
P16378,Q9V407
P16378,Q9VGG8
P16378,Q9VVX3
P16554,P18537
P16554,P19109
P16554,P25439
P16554,P40304
P16554,P40792
P16554,P40793
P16554,P40809
P16554,P42003
P16554,P52304
P16554,Q86PC9
P16554,Q9VZF4
P16554,Q9XYF4
P16568,P17210
P16568,P42287
P16568,P52304
P16568,P92204
P16568,Q23972
P16568,Q7K2D2
P16568,Q7KNS3
P16568,Q8T390
P16568,Q9NFU0
P16620,P16621
P16620,Q04164
P16620,Q8T4F7
P16621,P40792
P16621,P49415
P16621,Q8T4F7
P16621,Q9V9S7
P16911,Q9VFP1
P16912,Q8T053
P16912,Q9U969
P17133,P43332
P17133,P48598
P17133,Q24297
P17133,Q8T6B9
P17133,Q9V3C0
P17133,Q9V4Q8
P17133,Q9V9E3
P17133,Q9VB74
P17133,Q9VL63
P17133,Q9VLR5
P17210,P24785
P17210,P25823
P17210,P46824
P17210,Q7K2D2
P17210,Q8T4F7
P17210,Q9VRI9
P17210,Q9W252
P17336,P91938
P17336,Q24307
P17336,Q94527
P17336,Q9GNK5
P17336,Q9V3B4
P17336,Q9VD25
P17336,Q9VEZ5
P17336,Q9VXN9
P17336,Q9W385
P17704,P18491
P17704,P19889
P17704,P31009
P17704,P33244
P17704,P38979
P17704,P39018
P17704,P41093
P17704,P41094
P17704,P41126
P17704,P46222
P17704,P48149
P17704,P48159
P17704,P50887
P17704,P55828
P17704,P55830
P17704,P55841
P17704,Q06559
P17704,Q0E9B6
P17704,Q24154
P17704,Q24307
P17704,Q8INB9
P17704,Q8MLY8
P17704,Q8T3U2
P17704,Q94527
P17704,Q95V55
P17704,Q9GNK5
P17704,Q9V3B4
P17704,Q9VA91
P17704,Q9VB14
P17704,Q9VEZ5
P17704,Q9VNE9
P17704,Q9VS34
P17704,Q9VTP4
P17704,Q9VXN9
P17704,Q9VXX8
P17704,Q9VZS5
P17704,Q9W0V1
P17704,Q9W237
P17886,P39736
P17886,P48609
P17886,P50445
P17886,P83949
P17886,Q7KML2
P17886,Q8IMX7
P17886,Q9NJH0
P17886,Q9VCP0
P17886,Q9VJN5
P17886,Q9VLR9
P17886,Q9VR99
P17886,Q9VVT5
P17917,P18102
P17917,P22465
P17917,P24156
P17917,P34082
P17917,P35122
P17917,P35600
P17917,P40946
P17917,P46150
P17917,P48375
P17917,Q07152
P17917,Q27415
P17917,Q7K7A9
P17917,Q8INB9
P17917,Q9NDJ2
P17917,Q9NFP5
P17917,Q9V429
P17917,Q9VFK6
P17917,Q9VIE6
P17917,Q9VL18
P17917,Q9VTE2
P17971,Q9VFB7
P17971,Q9VYA8
P18091,P18432
P18091,P25158
P18091,P47947
P18091,P48610
P18091,Q24400
P18091,Q8I7C3
P18091,Q960X8
P18091,Q9VND8
P18091,Q9VV74
P18091,Q9VWH4
P18091,Q9VZZ9
P18102,P18475
P18102,P29617
P18102,Q9NHE5
P18106,P48809
P18106,Q24154
P18106,Q9V831
P18171,P34082
P18289,P18537
P18289,P39572
P18289,P40792
P18289,P51023
P18289,P51140
P18289,P52304
P18289,P55824
P18289,P92208
P18289,Q01842
P18289,Q24145
P18289,Q24151
P18289,Q27934
P18289,Q8I8V0
P18289,Q8IRH5
P18289,Q94517
P18289,Q9VBX2
P18289,Q9VJQ5
P18432,P35554
P18432,P41043
P18432,P47947
P18432,P48610
P18432,P83967
P18432,Q24407
P18432,Q24439
P18432,Q26416
P18432,Q8SY61
P18432,Q94516
P18432,Q94920
P18432,Q9W141
P18459,P49415
P18459,Q23972
P18459,Q24141
P18459,Q9V3A4
P18459,Q9VR99
P18475,P26675
P18475,P29310
P18475,P29349
P18475,P39572
P18475,P40689
P18475,P40795
P18475,P42003
P18475,P55965
P18475,P92177
P18475,Q01820
P18475,Q08012
P18475,Q24151
P18475,Q9VQI9
P18475,Q9VQU9
P18475,Q9VZZ9
P18486,P23572
P18487,Q9VV74
P18489,P20432
P18489,P47948
P18489,Q24407
P18489,Q24509
P18489,Q24547
P18489,Q27889
P18489,Q94920
P18489,Q95RI5
P18489,Q9VE50
P18489,Q9VSU7
P18489,Q9VZZ9
P18490,P29844
P18490,P34082
P18490,Q9V6X7
P18491,P21519
P18491,P54733
P18491,Q01069
P18491,Q24535
P18491,Q94918
P18491,Q9NDJ2
P18491,Q9Y0A7
P18502,P19538
P18502,P20480
P18502,P29052
P18502,P30975
P18502,P34021
P18502,P46150
P18502,P48987
P18502,P50887
P18502,P54733
P18502,P91682
P18502,Q02936
P18502,Q04164
P18502,Q24106
P18502,Q24372
P18502,Q24400
P18502,Q24472
P18502,Q27297
P18502,Q45VV3
P18502,Q6WV16
P18502,Q868Z9
P18502,Q94918
P18502,Q95SP2
P18502,Q9NGC3
P18502,Q9V853
P18502,Q9VAU9
P18502,Q9VBP9
P18502,Q9VEN1
P18502,Q9VEX0
P18502,Q9VK07
P18502,Q9VM64
P18502,Q9VVX3
P18502,Q9VX32
P18502,Q9VZU2
P18502,Q9W123
P18502,Q9Y0H4
P18537,P18824
P18537,P26686
P18537,P28465
P18537,P33450
P18537,P40423
P18537,P40589
P18537,P48148
P18537,P51140
P18537,P92208
P18537,Q00805
P18537,Q27324
P18537,Q6AWJ9
P18537,Q960X8
P18537,Q9NB04
P18537,Q9V3Z6
P18537,Q9V5N8
P18537,Q9VPH0
P18537,Q9VVV9
P18537,Q9VVX3
P18824,P19538
P18824,P20483
P18824,P21519
P18824,P22265
P18824,P23572
P18824,P25439
P18824,P31007
P18824,P33450
P18824,P36872
P18824,P42003
P18824,P51140
P18824,P51521
P18824,P54367
P18824,P54733
P18824,P83949
P18824,P92208
P18824,Q00805
P18824,Q01083
P18824,Q01842
P18824,Q01989
P18824,Q24106
P18824,Q24298
P18824,Q24368
P18824,Q24472
P18824,Q27368
P18824,Q8IH24
P18824,Q8MQJ9
P18824,Q8SX83
P18824,Q95V55
P18824,Q961D9
P18824,Q9V3K3
P18824,Q9V407
P18824,Q9V9W8
P18824,Q9VEC1
P18824,Q9VH07
P18824,Q9VH90
P18824,Q9VPH7
P18824,Q9VQI9
P18824,Q9VT57
P18824,Q9VVV9
P18824,Q9VXE5
P19018,P23023
P19018,P26686
P19018,Q8IRH5
P19018,Q8T6B9
P19018,Q9NBD7
P19107,P23625
P19107,P51140
P19107,Q9NBW1
P19107,Q9VA70
P19109,P39736
P19109,Q24478
P19109,Q95V55
P19109,Q9NFU0
P19109,Q9VJD2
P19109,Q9VND8
P19109,Q9VS24
P19109,Q9VXG4
P19109,Q9W0V1
P19109,Q9W0W6
P19538,P22265
P19538,P23654
P19538,P25455
P19538,P25867
P19538,P28167
P19538,P30975
P19538,P31264
P19538,P31409
P19538,P33244
P19538,P35820
P19538,P36872
P19538,P40423
P19538,P48987
P19538,P51592
P19538,P53501
P19538,P54361
P19538,P54367
P19538,P54733
P19538,P91682
P19538,Q02936
P19538,Q24151
P19538,Q24210
P19538,Q24311
P19538,Q26366
P19538,Q27889
P19538,Q45VV3
P19538,Q7KTX8
P19538,Q8I8V0
P19538,Q94517
P19538,Q9NGC3
P19538,Q9VA38
P19538,Q9VBP9
P19538,Q9VJS8
P19538,Q9VMJ7
P19538,Q9VQK0
P19538,Q9VUY9
P19538,Q9VW47
P19538,Q9VWE0
P19538,Q9VXG8
P19538,Q9VY77
P19538,Q9W1V1
P19538,Q9XZ08
P19889,P25028
P19889,P31009
P19889,P33438
P19889,P38979
P19889,P39018
P19889,P41093
P19889,P41094
P19889,P41126
P19889,P42325
P19889,P46222
P19889,P48149
P19889,P48159
P19889,P48605
P19889,P50887
P19889,P55828
P19889,P55830
P19889,P55841
P19889,Q06559
P19889,Q0E9B6
P19889,Q24154
P19889,Q8MLY8
P19889,Q8T3U2
P19889,Q8T9B6
P19889,Q9VA91
P19889,Q9VB14
P19889,Q9VH95
P19889,Q9VNE9
P19889,Q9VS34
P19889,Q9VTL1
P19889,Q9VTP4
P19889,Q9VWH4
P19889,Q9VXX8
P19889,Q9VZF4
P19889,Q9VZS5
P19889,Q9W237
P19967,Q9VNB5
P20007,P25159
P20007,Q8MQJ9
P20009,P23792
P20009,P29555
P20009,P42570
P20009,P48609
P20009,P83949
P20009,Q24266
P20009,Q9VLR9
P20009,Q9VXE5
P20009,Q9Y1B2
P20028,Q95V55
P20028,Q9VH20
P20153,P25008
P20153,P34021
P20153,P54397
P20153,Q7KTX8
P20153,Q8IN81
P20153,Q8IRW8
P20153,Q94981
P20153,Q95V55
P20153,Q9VDR1
P20153,Q9VEC1
P20153,Q9VP05
P20153,Q9VT57
P20153,Q9VW47
P20153,Q9W0P3
P20153,Q9W1X7
P20153,Q9W278
P20153,Q9W495
P20153,Q9Y149
P20193,P24785
P20193,Q9VXK0
P20227,P35820
P20227,P40791
P20227,P47825
P20227,P49846
P20227,P49847
P20227,P49905
P20227,P49906
P20227,P51123
P20227,P52654
P20227,P52656
P20227,Q24325
P20227,Q27272
P20227,Q8I8V0
P20227,Q9U5W9
P20227,Q9VYG2
P20227,Q9VYX1
P20227,Q9W2F2
P20227,Q9XZT7
P20228,P25822
P20232,P40791
P20232,P41900
P20232,Q9VVN4
P20348,Q7KW14
P20353,P26308
P20354,P34082
P20354,P40320
P20354,P54361
P20354,Q9V7D2
P20385,Q9VD28
P20432,P21750
P20432,Q9VG93
P20432,Q9VG95
P20432,Q9VG96
P20432,Q9VG98
P20439,P22469
P20439,P23572
P20439,P25724
P20439,P25822
P20439,P25843
P20439,P35820
P20439,P40423
P20439,P40793
P20439,P42570
P20439,P45889
P20439,P48608
P20439,P50445
P20439,Q02361
P20439,Q23989
P20439,Q24152
P20439,Q8T6B9
P20439,Q9I7I0
P20439,Q9I7T7
P20439,Q9NFU0
P20439,Q9V3C0
P20439,Q9VDG2
P20439,Q9VKN7
P20439,Q9VXG8
P20477,Q9XYF4
P20480,P42271
P20480,P46863
P20480,P92177
P20480,Q24307
P20480,Q94527
P20480,Q9GNK5
P20480,Q9V3B4
P20480,Q9V877
P20480,Q9VEZ5
P20480,Q9VMX1
P20480,Q9VXN9
P20480,Q9W0V1
P20483,P22745
P20483,P50445
P20483,P51023
P20483,P52304
P20483,P54733
P20483,Q01842
P20483,Q24298
P20483,Q5EAK6
P20483,Q8T6B9
P20483,Q9NI63
P20483,Q9V9V9
P20659,P48461
P20659,P54733
P20659,Q05547
P20659,Q24266
P20659,Q24338
P20659,Q27368
P20659,Q27403
P20659,Q86B87
P20659,Q8MQJ9
P20659,Q94545
P20659,Q9NDJ2
P20659,Q9VCP0
P20659,Q9VHH9
P20659,Q9VW15
P21519,P21520
P21519,P25822
P21519,P29555
P21519,P34021
P21519,P51140
P21519,Q02936
P21519,Q23985
P21519,Q24472
P21519,Q7KNF2
P21519,Q8I8U7
P21519,Q8I8V0
P21519,Q9NDJ2
P21519,Q9VK07
P21519,Q9VNE9
P21519,Q9VQI9
P21519,Q9VVX3
P21520,P42003
P21520,Q02936
P21520,Q23985
P21520,Q24298
P21520,Q9VC57
P21750,Q7YU81
P21750,Q9VSH3
P21914,Q23972
P21914,Q9VLJ8
P22058,Q02361
P22265,P29555
P22265,P39572
P22265,P40427
P22265,P83949
P22265,Q8SX83
P22265,Q9U3V5
P22265,Q9V3U2
P22265,Q9V407
P22464,P22465
P22464,P35122
P22464,Q9NFP5
P22465,P22769
P22465,P24156
P22465,P25007
P22465,P25843
P22465,P29310
P22465,P35122
P22465,P40304
P22465,P46150
P22465,P48375
P22465,P54353
P22465,P61851
P22465,P91938
P22465,P92177
P22465,Q05783
P22465,Q24407
P22465,Q27415
P22465,Q7K0F0
P22465,Q94920
P22465,Q9I7K0
P22465,Q9NFP5
P22465,Q9V429
P22465,Q9V5C6
P22465,Q9VGS2
P22465,Q9VH95
P22465,Q9VL18
P22465,Q9VMV6
P22465,Q9VSF3
P22465,Q9XYN7
P22469,P23572
P22469,P54733
P22469,Q9I7I0
P22469,Q9TVM2
P22469,Q9V6B9
P22469,Q9W1X4
P22711,P28166
P22711,P29555
P22711,P83949
P22745,P25724
P22745,P25822
P22745,P48598
P22745,P48612
P22745,Q02748
P22745,Q27368
P22745,Q7KRY6
P22745,Q8MQJ9
P22745,Q94547
P22745,Q9V345
P22745,Q9VKN7
P22745,Q9VNS0
P22745,Q9VRX6
P22745,Q9W1I2
P22745,Q9XZ58
P22769,P26270
P22769,P40304
P22769,P46824
P22769,P48601
P22769,Q27934
P22769,Q7K2G1
P22769,Q7KLV9
P22769,Q95083
P22769,Q9NFP5
P22769,Q9V3G7
P22769,Q9V3H2
P22769,Q9V3P6
P22769,Q9V5C6
P22769,Q9V637
P22769,Q9VQE5
P22769,Q9XYN7
P22807,P29555
P22807,P83949
P22807,Q01642
P22807,Q01644
P22810,P25159
P22810,Q86BS6
P22810,Q8I8V0
P22812,Q03017
P22812,Q05652
P22812,Q9VEN1
P22812,Q9VJN5
P22815,P48423
P22817,Q95V55
P22817,Q9VT51
P22977,P48603
P22979,Q94524
P23023,P40793
P23023,P48149
P23023,P54356
P23023,Q01642
P23023,Q01644
P23023,Q01645
P23023,Q868Z9
P23023,Q9W1A4
P23128,P25724
P23128,P25823
P23128,P28750
P23128,P42287
P23128,P45890
P23128,P48598
P23128,P50534
P23128,Q24009
P23128,Q8SWR8
P23128,Q8T6B9
P23128,Q9VTP4
P23128,Q9VVI2
P23128,Q9VYR0
P23572,P25008
P23572,P35820
P23572,P50445
P23572,P54350
P23572,P54733
P23572,Q03019
P23572,Q24152
P23572,Q24168
P23572,Q24298
P23572,Q7K0S9
P23572,Q9I7I0
P23572,Q9NI63
P23572,Q9VA38
P23572,Q9VAY3
P23572,Q9VH36
P23572,Q9VPS5
P23573,P25008
P23573,P34021
P23573,P54733
P23573,Q24151
P23573,Q24168
P23573,Q27297
P23573,Q7K0S9
P23573,Q960X8
P23573,Q9VT28
P23573,Q9Y149
P23625,P25228
P23625,P25455
P23625,P29829
P23625,Q24008
P23645,Q8IN81
P23654,P83949
P23654,Q7KNS3
P23757,P29555
P23757,P38979
P23757,P54733
P23757,P81914
P23757,Q9VJ62
P23757,Q9VYA8
P23757,Q9VZS5
P23779,Q9Y1I2
P23792,Q01644
P23792,Q07327
P23792,Q9VSH3
P23803,Q9V412
P23803,Q9V4Z9
P23803,Q9VDS5
P24156,Q24319
P24156,Q8SWU7
P24156,Q94920
P24156,Q9VEZ5
P24785,P41073
P24785,P48810
P24785,P50534
P24785,P50536
P24785,P51521
P24785,Q24368
P24785,Q24562
P24785,Q95V55
P24785,Q9VVB4
P24785,Q9W1R5
P25007,P48375
P25007,P61851
P25007,Q24322
P25007,Q27415
P25007,Q9NFP5
P25007,Q9V429
P25007,Q9VYA8
P25008,P34021
P25008,P42570
P25008,P48609
P25008,Q7KTX8
P25008,Q8INB9
P25008,Q9VT57
P25008,Q9VW47
P25123,P34082
P25123,Q7Z020
P25153,Q9V464
P25158,P25159
P25158,P25724
P25158,P25823
P25158,P25932
P25158,P29310
P25158,P40688
P25158,P48603
P25158,P48809
P25158,P49028
P25158,P51592
P25158,P53501
P25158,P83967
P25158,Q01820
P25158,Q01989
P25158,Q07171
P25158,Q23972
P25158,Q8I7C3
P25158,Q95RU0
P25158,Q9U6Y9
P25158,Q9V535
P25158,Q9VD28
P25158,Q9VGG5
P25158,Q9VHS8
P25158,Q9VIP8
P25158,Q9VJ29
P25158,Q9W2N0
P25159,P29617
P25159,P48603
P25159,Q8IPM8
P25159,Q8MQJ9
P25159,Q8SX83
P25159,Q94918
P25159,Q9BJZ5
P25159,Q9NFU0
P25159,Q9V6L0
P25159,Q9VFS5
P25159,Q9VW14
P25159,Q9W1R5
P25159,Q9W237
P25160,P48605
P25167,Q9VB08
P25171,P28166
P25171,Q24106
P25171,Q9VAN0
P25171,Q9VIW3
P25228,Q9VC57
P25228,Q9VKB9
P25228,Q9VLP3
P25439,P31007
P25439,P35820
P25439,P49021
P25439,P51140
P25439,P54733
P25439,Q02936
P25439,Q24298
P25439,Q24459
P25439,Q24472
P25439,Q24478
P25439,Q24535
P25439,Q24592
P25439,Q27368
P25439,Q27403
P25439,Q45VV3
P25439,Q8MQJ9
P25439,Q8MSX1
P25439,Q8MSX2
P25439,Q94918
P25439,Q95V55
P25439,Q9I7T7
P25439,Q9NDJ2
P25439,Q9V3K3
P25439,Q9V464
P25439,Q9VEC1
P25439,Q9VGS2
P25439,Q9VH07
P25439,Q9VMX6
P25439,Q9VNG0
P25439,Q9VS38
P25439,Q9VSF2
P25439,Q9VSH4
P25439,Q9VT57
P25439,Q9VVS4
P25439,Q9VYG2
P25439,Q9W0P3
P25439,Q9W1X7
P25439,Q9XZT1
P25439,Q9Y149
P25722,Q9V3L1
P25723,Q24025
P25724,P25822
P25724,P32234
P25724,P42124
P25724,P48598
P25724,P49028
P25724,Q23972
P25724,Q24106
P25724,Q45VV3
P25724,Q8MQJ9
P25724,Q8ST83
P25724,Q94547
P25724,Q9VDS5
P25724,Q9VEG9
P25724,Q9VIP8
P25724,Q9VJS8
P25724,Q9W1I2
P25724,Q9XYF4
P25822,P26675
P25822,P31007
P25822,P42570
P25822,P48598
P25822,Q08012
P25822,Q24106
P25822,Q24307
P25822,Q24472
P25822,Q8MQJ9
P25822,Q9NDJ2
P25822,Q9W1I2
P25823,P46824
P25823,Q02748
P25823,Q27297
P25823,Q8INB9
P25843,P35122
P25843,P40792
P25843,P40793
P25843,P42519
P25843,P46150
P25843,P48603
P25843,P48608
P25843,Q05783
P25843,Q27415
P25843,Q8T4F7
P25843,Q9I7K0
P25843,Q9NFP5
P25843,Q9NFU0
P25843,Q9VBX2
P25843,Q9VFM9
P25843,Q9VGS2
P25843,Q9VH95
P25867,P29503
P25867,P42325
P25867,P55824
P25867,Q24106
P25867,Q24368
P25867,Q24475
P25867,Q27368
P25867,Q8MSX1
P25867,Q9XYF4
P25932,P29617
P25932,P54623
P25932,Q23985
P25932,Q27403
P25932,Q27934
P25932,Q9U5L1
P25932,Q9VYG2
P25992,P83949
P26270,P40304
P26270,P48601
P26270,Q7K2G1
P26270,Q7KLV9
P26270,Q95083
P26270,Q9V3G7
P26270,Q9V3H2
P26270,Q9V3P6
P26270,Q9V5C6
P26270,Q9XYN7
P26308,P38040
P26308,P40798
P26308,Q9VUR7
P26675,P29349
P26675,P40792
P26675,P40793
P26675,P48148
P26675,Q01842
P26675,Q08012
P26675,Q24255
P26675,Q9NHV9
P26686,P30430
P26686,P34021
P26686,P49415
P26686,Q27368
P27091,P32870
P27091,P42003
P27091,P54356
P27091,Q24025
P27091,Q9VDS5
P27091,Q9VH14
P27398,P29310
P27398,P39768
P27398,P54361
P27398,P92208
P27398,Q24558
P27398,Q86PC9
P27398,Q9V785
P27398,Q9VDS5
P27398,Q9VLJ8
P27398,Q9VS50
P27716,P34082
P28166,P29555
P28166,P46150
P28166,P83949
P28166,P91623
P28167,Q8I8V0
P28465,Q6AWJ9
P28465,Q95ST2
P28465,Q9V407
P28465,Q9VVX3
P28465,Q9VWV9
P28518,P31007
P28518,P34082
P28518,Q0E940
P28668,P45437
P28668,P48605
P28668,Q9VKD3
P28668,Q9VSA3
P28668,Q9VUR3
P28668,Q9VWH4
P28668,Q9VXN4
P28668,Q9Y105
P28750,P42287
P28750,P48598
P28750,Q24009
P28750,Q24322
P28750,Q7K4N3
P28750,Q9VD28
P29052,P29555
P29052,P83949
P29052,P92204
P29052,Q24400
P29052,Q27272
P29052,Q27896
P29310,P29349
P29310,P33244
P29310,P34082
P29310,P55824
P29310,P92177
P29310,Q03720
P29310,Q08012
P29310,Q24322
P29310,Q24547
P29310,Q27934
P29310,Q45VV3
P29310,Q95V55
P29310,Q9VC61
P29310,Q9VGS2
P29310,Q9VLD6
P29310,Q9VND8
P29310,Q9VQZ6
P29310,Q9VS24
P29310,Q9VYA8
P29310,Q9VZZ9
P29310,Q9W1C9
P29310,Q9XTN2
P29349,P42003
P29349,P42519
P29349,P48375
P29349,P48423
P29349,P49028
P29349,P51023
P29349,Q00805
P29349,Q01083
P29349,Q02748
P29349,Q08012
P29349,Q24151
P29349,Q24535
P29349,Q24574
P29349,Q24592
P29349,Q94918
P29349,Q9I7T7
P29349,Q9V853
P29349,Q9VCA8
P29349,Q9VXX8
P29349,Q9VZZ9
P29503,P40796
P29503,Q8IN81
P29503,Q9VR91
P29555,P31264
P29555,P32031
P29555,P40427
P29555,P40791
P29555,P42003
P29555,P51023
P29555,P52172
P29555,P54733
P29555,P83949
P29555,Q01083
P29555,Q05201
P29555,Q7M3M8
P29555,Q9VS05
P29617,P48810
P29617,P51023
P29617,P54733
P29617,Q01842
P29617,Q26263
P29617,Q8MQJ9
P29617,Q94517
P29746,P34082
P29746,Q7K2G1
P29746,Q7KR04
P29844,P34082
P29844,Q24475
P29844,Q45VV3
P29844,Q8INB9
P29844,Q95V55
P29844,Q9VC57
P29844,Q9VEZ5
P29844,Q9VND8
P29844,Q9VS24
P29844,Q9VXN9
P29844,Q9W0V1
P29844,Q9XTN2
P29845,Q24307
P29845,Q8INB9
P29845,Q8T390
P29845,Q9GNK5
P29845,Q9V3B4
P29845,Q9VEZ5
P29845,Q9VND8
P29845,Q9VS24
P30432,Q24558
P30432,Q7KM13
P30432,Q8IA42
P30432,Q94524
P30432,Q9VLA2
P30974,Q7Z020
P30975,P38040
P30975,P91682
P30975,Q9VNJ5
P30975,Q9W0Y6
P31007,P34082
P31007,P51140
P31007,P54733
P31007,Q03720
P31007,Q24298
P31007,Q24418
P31007,Q26366
P31007,Q8IMX7
P31009,P38979
P31009,P39018
P31009,P41093
P31009,P41094
P31009,P41126
P31009,P46222
P31009,P48149
P31009,P48159
P31009,P50887
P31009,P55828
P31009,P55830
P31009,P55841
P31009,Q06559
P31009,Q0E9B6
P31009,Q24154
P31009,Q7KNA0
P31009,Q7YU81
P31009,Q8MLY8
P31009,Q8T3U2
P31009,Q9VA91
P31009,Q9VB14
P31009,Q9VEZ5
P31009,Q9VNE9
P31009,Q9VS34
P31009,Q9VTP4
P31009,Q9VXX8
P31009,Q9VZF4
P31009,Q9VZS5
P31009,Q9W237
P31009,Q9Y091
P31264,P48423
P31264,P83949
P31264,Q02936
P31264,Q7KTX8
P31264,Q9N658
P31396,P52029
P31396,Q27571
P31396,Q8I8V0
P31409,Q7JW27
P31409,Q9V3J1
P31409,Q9V4U9
P31409,Q9V7D2
P31409,Q9VMQ5
P32031,P83949
P32234,Q23972
P32748,P92208
P32870,P40792
P32870,Q03720
P32870,Q24322
P32870,Q24418
P32870,Q7Z020
P32870,Q9XTN2
P33244,P34021
P33244,P45888
P33244,P61857
P33244,Q24533
P33244,Q8I8V0
P33244,Q8MLY8
P33244,Q94899
P33244,Q94981
P33244,Q95078
P33244,Q9VCA8
P33438,P48605
P33438,Q8T9B6
P33438,Q9VH48
P33438,Q9VH95
P33438,Q9VVN4
P33438,Q9VWH4
P33438,Q9VZZ4
P33450,P40797
P33450,P46150
P33450,P48592
P33450,P54359
P33450,P54360
P33450,P54733
P33450,P55162
P33450,Q07436
P33450,Q24298
P33450,Q24322
P33450,Q26366
P33450,Q45VV3
P33450,Q8I7C3
P33450,Q8MMC4
P33450,Q8T4F7
P33450,Q95RA8
P33450,Q960X8
P33450,Q9I7T7
P33450,Q9V8R9
P33450,Q9VA38
P33450,Q9VH95
P33450,Q9VIW3
P33450,Q9VY77
P34021,P40656
P34021,P42570
P34021,P48609
P34021,P54397
P34021,P92177
P34021,Q24368
P34021,Q24472
P34021,Q24570
P34021,Q45VV3
P34021,Q7KTX8
P34021,Q86BA1
P34021,Q8IN81
P34021,Q8INB9
P34021,Q8IRW8
P34021,Q94899
P34021,Q94981
P34021,Q9N2M8
P34021,Q9NDJ2
P34021,Q9V333
P34021,Q9V345
P34021,Q9V4F9
P34021,Q9VNG0
P34021,Q9VP05
P34021,Q9VT57
P34021,Q9VW47
P34021,Q9VYD1
P34021,Q9W0T1
P34021,Q9XZ58
P34021,Q9Y149
P34082,P35820
P34082,P38979
P34082,P40794
P34082,P46863
P34082,P48605
P34082,P52172
P34082,P53501
P34082,P54397
P34082,P54623
P34082,P84040
P34082,P92208
P34082,P98081
P34082,P98163
P34082,Q00805
P34082,Q01989
P34082,Q03720
P34082,Q05344
P34082,Q06559
P34082,Q23976
P34082,Q24020
P34082,Q24322
P34082,Q24323
P34082,Q24498
P34082,Q27607
P34082,Q6J5K9
P34082,Q7K2B0
P34082,Q7KRW8
P34082,Q7YZA2
P34082,Q86BA1
P34082,Q8I8U7
P34082,Q8IMP6
P34082,Q8SZ63
P34082,Q94920
P34082,Q95TU8
P34082,Q9NJH0
P34082,Q9U969
P34082,Q9V3G7
P34082,Q9V719
P34082,Q9V8R9
P34082,Q9VB11
P34082,Q9VF08
P34082,Q9VGP1
P34082,Q9VH14
P34082,Q9VLU0
P34082,Q9VPC0
P34082,Q9VPH0
P34082,Q9VR91
P34082,Q9VTP4
P34082,Q9W040
P34082,Q9W0E8
P34082,Q9W0T1
P34082,Q9W261
P34739,P48423
P34739,Q95V55
P34739,Q9VZZ9
P35122,P46150
P35122,P48375
P35122,Q27415
P35122,Q95RI5
P35122,Q9NFP5
P35122,Q9V429
P35122,Q9VL18
P35128,Q8INB9
P35381,Q24251
P35381,Q24307
P35381,Q24318
P35381,Q24407
P35381,Q24439
P35381,Q27297
P35381,Q27368
P35381,Q8INB9
P35381,Q94516
P35381,Q94527
P35381,Q94920
P35381,Q95028
P35381,Q95RI5
P35381,Q9GNK5
P35381,Q9V3B4
P35381,Q9VEZ5
P35381,Q9VXN9
P35381,Q9W141
P35554,P41043
P35554,P83967
P35554,Q94514
P35600,Q23976
P35600,Q24492
P35600,Q24595
P35600,Q8IRH5
P35600,Q9W0V1
P35820,P42124
P35820,P47825
P35820,P49846
P35820,Q02936
P35820,Q24338
P35820,Q27272
P35820,Q9VB08
P35820,Q9VHA0
P35820,Q9VHH9
P35820,Q9VMX6
P35992,Q04164
P35992,Q24322
P35992,Q8T4F7
P35992,Q9U3V9
P36872,P42003
P36872,P51140
P36872,P52304
P36872,Q02361
P36872,Q24141
P36872,Q24298
P36872,Q9I7T7
P36872,Q9NDJ2
P36872,Q9V4Z9
P36872,Q9XTN2
P36951,P53501
P36951,P54361
P36951,Q9VVV9
P38979,P39018
P38979,P41093
P38979,P41094
P38979,P41126
P38979,P46222
P38979,P48149
P38979,P48159
P38979,P48423
P38979,P50887
P38979,P55828
P38979,P55830
P38979,P55841
P38979,Q06559
P38979,Q0E9B6
P38979,Q24154
P38979,Q8MLY8
P38979,Q8T3U2
P38979,Q960X8
P38979,Q9VA91
P38979,Q9VB14
P38979,Q9VNB5
P38979,Q9VNE9
P38979,Q9VS34
P38979,Q9VTP4
P38979,Q9VXX8
P38979,Q9VZS5
P38979,Q9W237
P39018,P41093
P39018,P41094
P39018,P41126
P39018,P42287
P39018,P46222
P39018,P48149
P39018,P48159
P39018,P50887
P39018,P55828
P39018,P55830
P39018,P55841
P39018,Q06559
P39018,Q0E9B6
P39018,Q24154
P39018,Q8MLY8
P39018,Q8T3U2
P39018,Q8T9B6
P39018,Q9VA91
P39018,Q9VB14
P39018,Q9VEZ5
P39018,Q9VNE9
P39018,Q9VS34
P39018,Q9VTP4
P39018,Q9VXX8
P39018,Q9VZS5
P39018,Q9W237
P39413,Q8IRH5
P39572,Q9VC61
P39572,Q9VH07
P39768,Q01642
P39768,Q8MLY8
P39768,Q9VAU9
P39768,Q9VJS8
P39768,Q9W462
P40304,P46824
P40304,P48601
P40304,P55824
P40304,Q24475
P40304,Q7K2G1
P40304,Q7KLV9
P40304,Q94514
P40304,Q94918
P40304,Q95083
P40304,Q9V3G7
P40304,Q9V3H2
P40304,Q9V3P6
P40304,Q9V5C6
P40304,Q9VQE5
P40304,Q9VVR1
P40304,Q9VYY4
P40304,Q9XYN7
P40320,P48605
P40320,Q8INB9
P40320,Q95V55
P40320,Q9VZF4
P40320,Q9W0V1
P40423,P40792
P40423,P48148
P40423,P51140
P40423,P51521
P40423,Q07327
P40423,Q0KHT7
P40423,Q24478
P40423,Q9NB04
P40423,Q9V3Z6
P40423,Q9V7S5
P40423,Q9VC45
P40423,Q9VND8
P40423,Q9VTU1
P40423,Q9VX32
P40427,P54353
P40427,P83949
P40427,Q0E9B6
P40427,Q24251
P40427,Q8IQ13
P40427,Q9V439
P40427,Q9VYG2
P40427,Q9W1A4
P40589,P54360
P40589,Q02936
P40589,Q6AWJ9
P40589,Q95ST2
P40589,Q9NBW1
P40589,Q9VVX3
P40589,Q9VWV9
P40656,Q86BA1
P40688,P42271
P40688,Q24117
P40689,P40795
P40689,Q01820
P40689,Q24151
P40791,P41900
P40791,P54733
P40791,P83949
P40791,Q26366
P40791,Q27889
P40791,Q8I8V0
P40791,Q9I7S8
P40791,Q9W385
P40792,P40809
P40792,P40946
P40792,P42003
P40792,P45447
P40792,P48148
P40792,P48554
P40792,P51140
P40792,P55162
P40792,P92208
P40792,Q00805
P40792,Q24151
P40792,Q24298
P40792,Q24307
P40792,Q24592
P40792,Q9NBK5
P40792,Q9NFU0
P40792,Q9V3Z6
P40792,Q9V4A7
P40792,Q9V9S7
P40792,Q9VCU9
P40792,Q9VF87
P40792,Q9VIS1
P40792,Q9VLT5
P40792,Q9VQI9
P40792,Q9VTU3
P40792,Q9XYF4
P40793,P45447
P40793,P48148
P40793,Q6NN85
P40793,Q9NBK5
P40793,Q9V9S7
P40793,Q9VDS5
P40793,Q9VLT5
P40793,Q9VQI9
P40793,Q9VXE5
P40793,Q9W1B0
P40795,Q7YU24
P40796,P48603
P40796,Q24322
P40796,Q6WV20
P40796,Q9VNE9
P40797,P42519
P40797,P54359
P40797,P92208
P40797,Q24106
P40797,Q24475
P40797,Q24547
P40797,Q24570
P40797,Q45VV3
P40797,Q9NBD7
P40797,Q9Y1B2
P40798,Q8I8V0
P40798,Q9VDV3
P40798,Q9VXE6
P40798,Q9W1X4
P40798,Q9W495
P40809,Q9NDJ2
P40809,Q9VLT5
P40945,P45437
P40945,P61209
P40945,Q8I0G5
P40945,Q95028
P40945,Q9VHV5
P40945,Q9VLP3
P40945,Q9VSA3
P40946,Q02936
P40946,Q9VDG2
P40946,Q9VKD3
P40946,Q9VPP5
P40946,Q9VUQ8
P40946,Q9VX32
P41043,P83967
P41043,Q01083
P41043,Q24322
P41043,Q94514
P41043,Q9VBW9
P41043,Q9VC57
P41046,P42124
P41046,Q24338
P41046,Q24459
P41046,Q9VCP0
P41046,Q9VHA0
P41046,Q9VJD2
P41073,Q9VEZ5
P41093,P41094
P41093,P41126
P41093,P46222
P41093,P48149
P41093,P48159
P41093,P50887
P41093,P55828
P41093,P55830
P41093,P55841
P41093,Q06559
P41093,Q0E9B6
P41093,Q24117
P41093,Q24154
P41093,Q8MLY8
P41093,Q8T3U2
P41093,Q95V55
P41093,Q9VA91
P41093,Q9VB14
P41093,Q9VNE9
P41093,Q9VS34
P41093,Q9VTP4
P41093,Q9VXX8
P41093,Q9VZS5
P41093,Q9W0V1
P41093,Q9W237
P41094,P41126
P41094,P46222
P41094,P48149
P41094,P48159
P41094,P48603
P41094,P50887
P41094,P55828
P41094,P55830
P41094,P55841
P41094,Q06559
P41094,Q0E9B6
P41094,Q24154
P41094,Q7KML2
P41094,Q86BJ3
P41094,Q8MLY8
P41094,Q8T3U2
P41094,Q9VA91
P41094,Q9VB14
P41094,Q9VNE9
P41094,Q9VS34
P41094,Q9VTP4
P41094,Q9VXX8
P41094,Q9VZS5
P41094,Q9W237
P41126,P46222
P41126,P48149
P41126,P48159
P41126,P50887
P41126,P55828
P41126,P55830
P41126,P55841
P41126,Q06521
P41126,Q06559
P41126,Q0E9B6
P41126,Q24154
P41126,Q8MLY8
P41126,Q8T3U2
P41126,Q9VA91
P41126,Q9VB14
P41126,Q9VDS5
P41126,Q9VEZ5
P41126,Q9VM95
P41126,Q9VND8
P41126,Q9VNE9
P41126,Q9VS34
P41126,Q9VTP4
P41126,Q9VXX8
P41126,Q9VYG2
P41126,Q9VZS5
P41126,Q9W237
P41375,Q9VKD3
P41375,Q9VXK6
P41596,Q7Z020
P41900,Q05913
P41900,Q95V55
P42003,P83949
P42003,P91682
P42003,Q05201
P42003,Q24025
P42003,Q24298
P42003,Q45VV3
P42003,Q7KNS3
P42003,Q8MQJ9
P42003,Q9V853
P42003,Q9VBP9
P42003,Q9VBW6
P42003,Q9VJD3
P42003,Q9VQU9
P42003,Q9VS05
P42003,Q9W1A4
P42003,Q9Y0H4
P42003,Q9Y149
P42124,Q24338
P42124,Q24459
P42124,Q24472
P42124,Q27403
P42124,Q8ST83
P42124,Q94517
P42124,Q9N658
P42124,Q9NDJ2
P42124,Q9NJG9
P42124,Q9VB08
P42124,Q9VHA0
P42124,Q9VK34
P42124,Q9VMX6
P42271,P54623
P42271,Q24478
P42271,Q9VLS1
P42271,Q9VNS0
P42271,Q9W021
P42271,Q9XYP8
P42280,Q9W1M8
P42287,P42519
P42287,P45437
P42287,P48611
P42287,P48809
P42287,P49028
P42287,P55841
P42287,Q03017
P42287,Q24009
P42287,Q7KNS3
P42287,Q94524
P42287,Q94918
P42287,Q9NB04
P42287,Q9VEN1
P42287,Q9VP05
P42287,Q9VVE2
P42287,Q9W1V3
P42287,Q9XZ58
P42325,Q8MZC4
P42519,P50445
P42519,Q00805
P42519,Q01083
P42519,Q01842
P42519,Q24298
P42519,Q24475
P42519,Q9V5N8
P42519,Q9VPW1
P42570,P54733
P42570,Q27297
P42570,Q7KML2
P42570,Q9NGC3
P43332,P48598
P43332,P51521
P43332,Q24297
P43332,Q9V4Q8
P43332,Q9VHI4
P43332,Q9VMC8
P43332,Q9VRV7
P45437,P48605
P45437,P61209
P45437,Q9VKD3
P45437,Q9VWH4
P45594,P48148
P45594,P83967
P45594,Q24307
P45594,Q24322
P45594,Q6NN85
P45594,Q94527
P45594,Q9GNK5
P45594,Q9I7K0
P45594,Q9V3B4
P45594,Q9VEZ5
P45594,Q9VFM9
P45594,Q9VXE5
P45594,Q9VXN9
P45594,Q9VYA8
P45594,Q9Y091
P45888,P48603
P45888,P53501
P45888,Q9VU84
P45888,Q9W2N0
P45889,Q24323
P45889,Q7K2D2
P45890,P55830
P45890,Q24046
P45890,Q8INM3
P45890,Q8IS44
P45890,Q9W5E0
P46150,P48148
P46150,P48375
P46150,P48603
P46150,P50887
P46150,P51140
P46150,P91682
P46150,P91938
P46150,Q07436
P46150,Q24322
P46150,Q27415
P46150,Q95RI5
P46150,Q9NB04
P46150,Q9NFP5
P46150,Q9VC61
P46150,Q9VDG2
P46150,Q9VH95
P46150,Q9VL18
P46150,Q9VN14
P46150,Q9VTL1
P46150,Q9VTU0
P46150,Q9VV74
P46150,Q9W1G0
P46222,P48149
P46222,P48159
P46222,P50887
P46222,P55828
P46222,P55830
P46222,P55841
P46222,Q06559
P46222,Q0E9B6
P46222,Q24154
P46222,Q8MLY8
P46222,Q8T3U2
P46222,Q9NFU0
P46222,Q9VA91
P46222,Q9VB14
P46222,Q9VEZ5
P46222,Q9VNE9
P46222,Q9VS34
P46222,Q9VTP4
P46222,Q9VXX8
P46222,Q9VZS5
P46222,Q9W237
P46415,Q9VBQ9
P46461,Q24547
P46461,Q9VVT5
P46824,Q7K2D2
P46824,Q8SYG2
P46824,Q95083
P46824,Q95T64
P46824,Q9GQF1
P46824,Q9VN41
P46824,Q9VNS0
P46824,Q9VQX4
P46824,Q9VS59
P46824,Q9VTU3
P46824,Q9W0K0
P46824,Q9W2X7
P46824,Q9XYN7
P46863,P54360
P46863,Q9VA38
P47825,P49846
P47825,P49847
P47825,P49905
P47825,P49906
P47825,P51123
P47825,P52654
P47825,Q01842
P47825,Q24266
P47825,Q24307
P47825,Q27272
P47825,Q8I8V0
P47825,Q94527
P47825,Q9U5W9
P47825,Q9V9W8
P47825,Q9VEZ5
P47825,Q9VWY6
P47825,Q9VYX1
P47825,Q9XZT7
P47947,P48610
P47980,Q05201
P47980,Q95028
P48148,P48608
P48148,P51140
P48148,P54733
P48148,P92208
P48148,Q05319
P48148,Q0KHT7
P48148,Q24276
P48148,Q24298
P48148,Q24322
P48148,Q24592
P48148,Q6NN85
P48148,Q7JW27
P48148,Q8T4F7
P48148,Q9NBK5
P48148,Q9V4A7
P48148,Q9V9S7
P48148,Q9VQI9
P48148,Q9VX32
P48149,P48159
P48149,P50887
P48149,P55828
P48149,P55830
P48149,P55841
P48149,Q06559
P48149,Q0E9B6
P48149,Q24154
P48149,Q8INB9
P48149,Q8MLY8
P48149,Q8T3U2
P48149,Q9VA91
P48149,Q9VB14
P48149,Q9VGJ5
P48149,Q9VI55
P48149,Q9VNE9
P48149,Q9VS34
P48149,Q9VTP4
P48149,Q9VXX8
P48149,Q9VZS5
P48149,Q9W0V1
P48149,Q9W237
P48149,Q9XTN2
P48159,P48603
P48159,P50887
P48159,P55828
P48159,P55830
P48159,P55841
P48159,Q06559
P48159,Q0E9B6
P48159,Q24154
P48159,Q8INB9
P48159,Q8MLY8
P48159,Q8T3U2
P48159,Q95V55
P48159,Q9VA91
P48159,Q9VB14
P48159,Q9VEZ5
P48159,Q9VFR0
P48159,Q9VNE9
P48159,Q9VR99
P48159,Q9VS34
P48159,Q9VTP4
P48159,Q9VXN9
P48159,Q9VXX8
P48159,Q9VZS5
P48159,Q9W237
P48375,P50887
P48375,P54353
P48375,P61851
P48375,P83949
P48375,Q27415
P48375,Q8T4F7
P48375,Q9NFP5
P48375,Q9NIP6
P48375,Q9V429
P48375,Q9VEN1
P48375,Q9VH95
P48375,Q9VLR5
P48375,Q9VVN6
P48375,Q9W2U9
P48423,P54733
P48423,Q01842
P48423,Q07407
P48423,Q24106
P48423,Q27889
P48423,Q9VSH4
P48451,P48456
P48451,Q24214
P48451,Q27889
P48456,P48593
P48456,P49258
P48456,Q27889
P48456,Q9VR89
P48461,P52654
P48461,P91682
P48461,Q0E9G3
P48461,Q7K3L1
P48461,Q9VC61
P48461,Q9VVY3
P48554,P54733
P48554,Q9NHV9
P48554,Q9V4A7
P48554,Q9V9S7
P48554,Q9VV74
P48554,Q9VVX0
P48591,Q45VV3
P48592,Q01637
P48592,Q86PC9
P48593,Q27889
P48596,Q9V3A4
P48596,Q9VC57
P48598,Q23972
P48598,Q24562
P48598,Q27377
P48598,Q94535
P48598,Q9VLJ8
P48598,Q9VTP4
P48598,Q9Y091
P48601,P53501
P48601,Q07327
P48601,Q7K2G1
P48601,Q7KLV9
P48601,Q8INB9
P48601,Q95083
P48601,Q95V55
P48601,Q9V3G7
P48601,Q9V3H2
P48601,Q9V3P6
P48601,Q9V5C6
P48601,Q9VFE4
P48601,Q9VFS8
P48601,Q9VS24
P48601,Q9W0V1
P48601,Q9XYN7
P48603,P53501
P48603,Q7K2D2
P48603,Q8INB9
P48603,Q94517
P48603,Q94920
P48603,Q9VA38
P48603,Q9VND8
P48603,Q9VZZ9
P48603,Q9W2N0
P48603,Q9XTL9
P48605,P61209
P48605,Q24307
P48605,Q27268
P48605,Q8T9B6
P48605,Q94527
P48605,Q95028
P48605,Q9GNK5
P48605,Q9NFU0
P48605,Q9V345
P48605,Q9V3B4
P48605,Q9VEZ5
P48605,Q9VHV5
P48605,Q9VKD3
P48605,Q9VSA3
P48605,Q9VWH4
P48605,Q9VXN9
P48608,Q01083
P48608,Q24322
P48608,Q45VV3
P48608,Q8T4F7
P48608,Q960X8
P48609,P54733
P48609,Q27297
P48609,Q7KML2
P48609,Q8T4F7
P48609,Q9VBP9
P48609,Q9VKH0
P48609,Q9VPD2
P48610,P54397
P48610,Q24407
P48610,Q8SY61
P48610,Q9VWH4
P48610,Q9XTL9
P48611,P92208
P48611,Q9V895
P48612,Q9XTN2
P48809,P48810
P48809,P49905
P48809,P50534
P48809,P82295
P48809,P83949
P48809,Q23985
P48809,Q8IRH5
P48809,Q8T6B9
P48809,Q9V422
P48809,Q9VCK0
P48987,P51023
P48987,Q01068
P48987,Q01069
P48987,Q02936
P48987,Q7KTX8
P48987,Q9VQI9
P48987,Q9VZZ9
P48987,Q9Y0A7
P48994,P62152
P48994,Q24008
P49021,P51123
P49021,P55035
P49021,Q8SWR8
P49021,Q9VXE6
P49021,Q9VZ23
P49028,P82804
P49028,Q86B87
P49028,Q9V535
P49028,Q9VHS8
P49071,P92208
P49258,Q01989
P49258,Q9V427
P49415,Q24139
P49415,Q8IH24
P49735,Q26454
P49735,Q9V461
P49735,Q9V464
P49735,Q9VGW6
P49735,Q9VIE6
P49735,Q9XYU0
P49846,P49847
P49846,P49905
P49846,P51123
P49846,P54622
P49846,P61851
P49846,Q24325
P49846,Q27272
P49846,Q8I8V0
P49846,Q9VWY6
P49847,P49905
P49847,P49906
P49847,P51123
P49847,Q24307
P49847,Q24325
P49847,Q27272
P49847,Q27896
P49847,Q94527
P49847,Q9GNK5
P49847,Q9U5W9
P49847,Q9VEZ5
P49847,Q9VHY5
P49847,Q9VWY6
P49847,Q9VXN9
P49847,Q9XZT7
P49905,P51123
P49905,P53501
P49905,P81914
P49905,Q24338
P49905,Q27272
P49905,Q7K237
P49905,Q8I8V0
P49905,Q9VHI4
P49905,Q9VI60
P49906,P51123
P49906,P81900
P49906,Q24325
P49906,Q27272
P49906,Q9VJQ5
P50445,P54350
P50445,P54733
P50445,Q03019
P50445,Q07171
P50445,Q24152
P50445,Q24337
P50445,Q8MSX1
P50445,Q8SYG2
P50445,Q8T6B9
P50445,Q9I7I0
P50445,Q9NGC3
P50445,Q9NI63
P50445,Q9VBW6
P50445,Q9VPW1
P50445,Q9VQU9
P50445,Q9VYG2
P50534,P50536
P50534,P55035
P50534,Q9V3I5
P50534,Q9V460
P50534,Q9VCK0
P50534,Q9W1R5
P50536,P84040
P50536,Q94527
P50536,Q9GNK5
P50536,Q9V3I5
P50536,Q9V4C8
P50536,Q9VEZ5
P50536,Q9VLN1
P50536,Q9VXN9
P50887,P52654
P50887,P55828
P50887,P55830
P50887,P55841
P50887,P83949
P50887,Q06559
P50887,Q0E9B6
P50887,Q24154
P50887,Q24307
P50887,Q24475
P50887,Q24570
P50887,Q8MLY8
P50887,Q8T3U2
P50887,Q94527
P50887,Q9GNK5
P50887,Q9V3B4
P50887,Q9VA91
P50887,Q9VB14
P50887,Q9VEZ5
P50887,Q9VNE9
P50887,Q9VS34
P50887,Q9VTP4
P50887,Q9VVN4
P50887,Q9VXN9
P50887,Q9VXX8
P50887,Q9VZS5
P50887,Q9W020
P50887,Q9W237
P51023,P54733
P51023,P55824
P51023,P83949
P51023,Q00805
P51023,Q01842
P51023,Q24106
P51023,Q24255
P51023,Q24266
P51023,Q8SX83
P51023,Q94516
P51023,Q95V55
P51023,Q9VSL7
P51123,P52656
P51123,Q24151
P51123,Q24322
P51123,Q24325
P51123,Q27272
P51123,Q9U5W9
P51123,Q9VYG2
P51123,Q9VYX1
P51140,P54733
P51140,P83949
P51140,P91641
P51140,P91682
P51140,P92208
P51140,Q01069
P51140,Q01842
P51140,Q07436
P51140,Q23985
P51140,Q24106
P51140,Q24298
P51140,Q45VV3
P51140,Q6AWJ9
P51140,Q7K4B6
P51140,Q7KBL8
P51140,Q7KTX8
P51140,Q8MSX1
P51140,Q8MSX2
P51140,Q8T9B6
P51140,Q960X8
P51140,Q9GYU7
P51140,Q9GYV9
P51140,Q9I7T7
P51140,Q9NBW1
P51140,Q9V3Z6
P51140,Q9V407
P51140,Q9VDR1
P51140,Q9VEC1
P51140,Q9VJ71
P51140,Q9VNG0
P51140,Q9VPH0
P51140,Q9VS38
P51140,Q9VSH4
P51140,Q9VT57
P51140,Q9VUU5
P51140,Q9VVS4
P51140,Q9VVV9
P51140,Q9VVX3
P51140,Q9VYG2
P51140,Q9W0P3
P51140,Q9W1X7
P51140,Q9W278
P51140,Q9XZT1
P51140,Q9Y149
P51406,Q9VG82
P51521,P52029
P51521,Q01083
P51521,Q9VD26
P51521,Q9VIW3
P51592,P54733
P51592,Q02936
P51592,Q24322
P52034,Q24400
P52172,P83949
P52172,Q24307
P52172,Q9VPQ6
P52172,Q9W349
P52304,P54623
P52304,Q23973
P52304,Q24141
P52304,Q7K3L1
P52304,Q8IMX7
P52304,Q8MLY8
P52304,Q8SX83
P52304,Q960Z0
P52304,Q9NBD7
P52304,Q9NI63
P52304,Q9V877
P52304,Q9VAQ1
P52304,Q9VAT2
P52304,Q9VK34
P52304,Q9VKN7
P52304,Q9VNS0
P52487,Q9VYG2
P52654,P52656
P52654,Q8MLY8
P52654,Q8T6B9
P52654,Q9VA91
P52654,Q9W5B9
P53501,P61857
P53501,Q8I7C3
P53501,Q8INB9
P53501,Q9NFP5
P53501,Q9VNB5
P53501,Q9VND8
P53501,Q9VXN9
P53501,Q9W0V1
P53501,Q9W2N0
P53997,Q7YU81
P54192,Q9W1C9
P54269,P54353
P54269,P54733
P54269,Q45VV3
P54269,Q9VHI4
P54269,Q9VZF4
P54350,P92208
P54350,Q960Z0
P54350,Q9NI63
P54350,Q9VD28
P54350,Q9VXG8
P54350,Q9VXN9
P54353,Q27415
P54353,Q9NFP5
P54353,Q9V8Y9
P54356,Q24025
P54356,Q8IRR5
P54357,Q01989
P54357,Q9V3Z6
P54357,Q9VC45
P54359,Q95SP2
P54359,Q9VVN4
P54360,P62152
P54360,Q23979
P54360,Q8T4F7
P54360,Q960X8
P54360,Q9V9K7
P54361,Q86NP2
P54361,Q9NFU0
P54367,Q8MQJ9
P54367,Q9W0V1
P54397,P56175
P54397,P84040
P54397,Q7K0Y1
P54397,Q8INM3
P54397,Q9I7W5
P54397,Q9U3Z7
P54397,Q9V411
P54397,Q9V9Z9
P54397,Q9VEB3
P54397,Q9VEJ2
P54397,Q9VIF0
P54397,Q9VJZ7
P54397,Q9VKQ3
P54397,Q9VL96
P54397,Q9VM95
P54397,Q9VPU8
P54397,Q9VR89
P54397,Q9W1V3
P54397,Q9W4J5
P54622,P61851
P54622,Q9VCI0
P54622,Q9VYA8
P54623,P62152
P54623,P98159
P54623,Q03017
P54623,Q23985
P54623,Q23989
P54623,Q24478
P54623,Q7KRY6
P54623,Q8MLV1
P54623,Q9U3Z7
P54623,Q9V4F9
P54623,Q9VAC8
P54623,Q9VNS0
P54623,Q9VS38
P54623,Q9VVB4
P54623,Q9W0W6
P54733,P81900
P54733,Q01083
P54733,Q02936
P54733,Q07436
P54733,Q08012
P54733,Q24106
P54733,Q24248
P54733,Q24298
P54733,Q24311
P54733,Q24317
P54733,Q24318
P54733,Q24342
P54733,Q24472
P54733,Q24592
P54733,Q27368
P54733,Q27934
P54733,Q7KS38
P54733,Q7KTX8
P54733,Q86B87
P54733,Q86S05
P54733,Q8MSX1
P54733,Q8SX83
P54733,Q8T626
P54733,Q94545
P54733,Q9NIV1
P54733,Q9V407
P54733,Q9V9W8
P54733,Q9VCU9
P54733,Q9VD73
P54733,Q9VGS2
P54733,Q9VI55
P54733,Q9VJS8
P54733,Q9VK45
P54733,Q9VLR9
P54733,Q9VMJ7
P54733,Q9VW15
P54733,Q9VW47
P54733,Q9VYG2
P54733,Q9VZF4
P54733,Q9W0E8
P54733,Q9XZ58
P55035,Q02361
P55035,Q23972
P55035,Q24117
P55035,Q8INB9
P55035,Q9V3G7
P55035,Q9V5C6
P55162,P61209
P55162,Q9NFU0
P55162,Q9VF87
P55162,Q9VJN5
P55162,Q9VU84
P55824,Q01842
P55824,Q24025
P55828,P55830
P55828,P55841
P55828,Q06559
P55828,Q0E9B6
P55828,Q24154
P55828,Q24307
P55828,Q8MLY8
P55828,Q8T3U2
P55828,Q94527
P55828,Q9GNK5
P55828,Q9V3B4
P55828,Q9V3R6
P55828,Q9VA91
P55828,Q9VB14
P55828,Q9VEZ5
P55828,Q9VNE9
P55828,Q9VS34
P55828,Q9VTP4
P55828,Q9VXN9
P55828,Q9VXX8
P55828,Q9VZS5
P55828,Q9W237
P55830,P55841
P55830,Q06559
P55830,Q0E9B6
P55830,Q24154
P55830,Q8MLY8
P55830,Q8T3U2
P55830,Q9VA91
P55830,Q9VB14
P55830,Q9VCU9
P55830,Q9VJE4
P55830,Q9VNE9
P55830,Q9VS34
P55830,Q9VTP4
P55830,Q9VVN4
P55830,Q9VXX8
P55830,Q9VZS5
P55830,Q9W237
P55841,Q06559
P55841,Q0E9B6
P55841,Q24154
P55841,Q8MLY8
P55841,Q8T3U2
P55841,Q95V55
P55841,Q9V464
P55841,Q9VA91
P55841,Q9VB14
P55841,Q9VND8
P55841,Q9VNE9
P55841,Q9VS34
P55841,Q9VTP4
P55841,Q9VXX8
P55841,Q9VZS5
P55841,Q9W237
P55841,Q9XTN2
P56538,Q9V411
P56538,Q9VKQ3
P56672,Q23976
P56672,Q24595
P56672,Q9VGI8
P61209,P61857
P61209,Q24319
P61209,Q27268
P61209,Q7KR04
P61209,Q8I0G5
P61209,Q8INB9
P61209,Q94920
P61209,Q95028
P61209,Q95029
P61209,Q9VF87
P61209,Q9VHV5
P61209,Q9VNB5
P61209,Q9VSA3
P61209,Q9W0P5
P61209,Q9W1X9
P61209,Q9XY35
P61851,P91938
P61851,Q24307
P61851,Q27415
P61851,Q7YU24
P61851,Q94527
P61851,Q9GNK5
P61851,Q9NFP5
P61851,Q9NK57
P61851,Q9V3B4
P61851,Q9V429
P61851,Q9VCI0
P61851,Q9VEZ5
P61851,Q9VV74
P61851,Q9VXN9
P61851,Q9VYA8
P61851,Q9W2M2
P61855,Q24475
P61857,Q7KR04
P61857,Q9V3B4
P61857,Q9VEZ5
P62152,Q01989
P62152,Q24008
P62152,Q24270
P62152,Q24498
P62152,Q7Z020
P62152,Q9GYU7
P62152,Q9NBD7
P62152,Q9VC45
P62152,Q9VLT5
P62152,Q9VVA0
P62152,Q9VVE2
P62152,Q9W3R7
P81900,Q24337
P81909,Q9VNB5
P81917,Q9VNB5
P82147,Q9VEN1
P82804,Q9V535
P82804,Q9W1I2
P83101,Q9V407
P83949,P91928
P83949,P92177
P83949,Q00805
P83949,Q06453
P83949,Q24459
P83949,Q24547
P83949,Q27324
P83949,Q7K4N3
P83949,Q7KLV9
P83949,Q94545
P83949,Q94918
P83949,Q9NJH0
P83949,Q9VS05
P83949,Q9VW15
P83949,Q9W0T1
P83949,Q9W1R5
P83949,Q9XTL9
P83949,Q9Y091
P83967,Q8I7C3
P83967,Q9VXN9
P84040,Q24368
P84040,Q27272
P84040,Q27415
P84040,Q94517
P84040,Q960X4
P84040,Q9V464
P84040,Q9V6Q2
P84040,Q9VFK6
P84040,Q9VH48
P84040,Q9VHA0
P84040,Q9VK33
P84040,Q9VXG8
P84040,Q9W0T1
P84040,Q9W252
P84040,Q9W5E0
P84040,Q9Y0I1
P84180,Q9W1U5
P91622,Q24547
P91623,Q95TU8
P91641,Q7KBL8
P91641,Q8IH24
P91641,Q8MSX1
P91641,Q8MSX2
P91641,Q8T9B6
P91641,Q9GYU7
P91641,Q9GYV9
P91641,Q9I7T7
P91641,Q9V439
P91641,Q9VBQ9
P91641,Q9VEC1
P91641,Q9VNG0
P91641,Q9VS38
P91641,Q9VSH4
P91641,Q9VT57
P91641,Q9VVS4
P91641,Q9VYG2
P91641,Q9W0P3
P91641,Q9W278
P91641,Q9XZT1
P91641,Q9Y149
P91664,Q8I8V0
P91682,Q02936
P91682,Q05547
P91682,Q24106
P91682,Q24117
P91682,Q24151
P91682,Q27368
P91682,Q960X8
P91682,Q9V333
P91682,Q9V6L0
P91682,Q9V853
P91682,Q9VPH7
P91928,Q94527
P91928,Q960T2
P91928,Q9V3B4
P91928,Q9V784
P91928,Q9VEZ5
P91928,Q9VXN9
P91929,Q23972
P91929,Q95028
P91929,Q9W3R7
P91938,Q27415
P91938,Q8T6B9
P91938,Q9V429
P91938,Q9VNT5
P91938,Q9VYA8
P92177,Q08012
P92177,Q24475
P92177,Q27415
P92177,Q45VV3
P92177,Q95V55
P92177,Q9NFP5
P92177,Q9V719
P92177,Q9VC61
P92177,Q9VGS2
P92177,Q9VND8
P92177,Q9VT70
P92177,Q9VV74
P92177,Q9VYA8
P92177,Q9XTN2
P92204,Q7K550
P92204,Q86NP2
P92204,Q9VTF9
P92208,Q01842
P92208,Q24106
P92208,Q24472
P92208,Q24475
P92208,Q7JW27
P92208,Q7K0S9
P92208,Q8MQJ9
P92208,Q95028
P92208,Q95V55
P92208,Q9NBK5
P92208,Q9V579
P92208,Q9VK07
P92208,Q9VK34
P92208,Q9VT51
P92208,Q9VXG8
P92208,Q9W0K0
P98081,Q08012
P98081,Q8T4F7
P98081,Q9NBD7
P98149,Q03017
P98149,Q8IH24
P98149,Q94527
P98149,Q9VEC1
P98149,Q9VT57
Q00449,Q8T053
Q00449,Q9VJ29
Q00748,Q0E9B6
Q00748,Q9VNB5
Q00805,Q01083
Q00805,Q24106
Q00805,Q24307
Q00805,Q76NQ1
Q00805,Q7YZH1
Q00805,Q94918
Q00805,Q95SP2
Q00805,Q9NHV9
Q00805,Q9W349
Q01068,Q01069
Q01068,Q01071
Q01069,Q01071
Q01069,Q9Y0H4
Q01071,Q24276
Q01083,Q24106
Q01083,Q24568
Q01083,Q26366
Q01083,Q6WV16
Q01083,Q76NQ1
Q01083,Q8SX83
Q01083,Q94511
Q01083,Q94918
Q01083,Q9NHV9
Q01083,Q9VBP3
Q01083,Q9VNG1
Q01083,Q9VZU2
Q01637,Q8INB9
Q01637,Q9I7X6
Q01642,Q04499
Q01642,Q9VB62
Q01642,Q9VCE6
Q01642,Q9VLA2
Q01642,Q9VPT8
Q01643,Q24558
Q01643,Q86NP2
Q01643,Q9VPT8
Q01644,Q7KLV9
Q01644,Q8IRR5
Q01644,Q9VPT8
Q01644,Q9VSC1
Q01644,Q9W237
Q01820,Q8IRH5
Q01842,Q02637
Q01842,Q05201
Q01842,Q24255
Q01842,Q24298
Q01842,Q24547
Q01842,Q24573
Q01842,Q8SX83
Q01842,Q9NBD7
Q01842,Q9V407
Q01842,Q9VQI9
Q01842,Q9VW51
Q01842,Q9W349
Q01989,Q02637
Q01989,Q24298
Q01989,Q7K0L4
Q01989,Q9VA38
Q01989,Q9VM65
Q02360,Q9VJ29
Q02360,Q9W0K7
Q02361,Q23985
Q02361,Q9I7I0
Q02361,Q9NBD7
Q02361,Q9VCP0
Q02637,Q24151
Q02637,Q24574
Q02748,Q24318
Q02748,Q27368
Q02748,Q8INB9
Q02748,Q9VND8
Q02748,Q9VXN9
Q02748,Q9W0V1
Q02870,Q8T6B9
Q02870,Q960E8
Q02936,Q8IRW8
Q02936,Q8ST83
Q02936,Q960X8
Q02936,Q9V359
Q02936,Q9VEI3
Q02936,Q9VM64
Q02936,Q9VNJ5
Q02936,Q9VSL7
Q02936,Q9VZU2
Q02936,Q9Y0A7
Q03017,Q04499
Q03017,Q05652
Q03017,Q11002
Q03017,Q24307
Q03017,Q45VV3
Q03017,Q94527
Q03017,Q960X8
Q03017,Q9BJZ5
Q03017,Q9NFU0
Q03017,Q9V676
Q03017,Q9VEZ5
Q03017,Q9VR99
Q03372,Q9VZS3
Q03372,Q9Y0A7
Q03427,Q7YU24
Q03427,Q9VJ29
Q03720,Q24270
Q03720,Q8MR31
Q04448,Q9VV74
Q04499,Q9VES1
Q04499,Q9VR99
Q04688,Q27934
Q04688,Q8I8V0
Q04787,Q9VMW8
Q04787,Q9VXX8
Q05201,Q24592
Q05201,Q27350
Q05201,Q94527
Q05201,Q95RW8
Q05201,Q9V785
Q05201,Q9VEZ5
Q05201,Q9VYG2
Q05319,Q0KHT7
Q05337,Q24592
Q05344,Q8IRG6
Q05344,Q9V6Q2
Q05547,Q0E9G3
Q05547,Q7K3L1
Q05547,Q9VVY3
Q05652,Q24533
Q05652,Q95V55
Q05652,Q9VEN1
Q05652,Q9VJN5
Q05733,Q8T390
Q05783,Q27415
Q05783,Q95V55
Q05783,Q9VH95
Q05913,Q9V3U2
Q06453,Q23976
Q06453,Q9W2D6
Q06521,Q9I7I7
Q06559,Q0E9B6
Q06559,Q24154
Q06559,Q24307
Q06559,Q24337
Q06559,Q27934
Q06559,Q7KN79
Q06559,Q868Z9
Q06559,Q8MLY8
Q06559,Q8T3U2
Q06559,Q94527
Q06559,Q9GNK5
Q06559,Q9V3B4
Q06559,Q9VA91
Q06559,Q9VB14
Q06559,Q9VEZ5
Q06559,Q9VLP3
Q06559,Q9VNE9
Q06559,Q9VS34
Q06559,Q9VTP4
Q06559,Q9VTU4
Q06559,Q9VXN9
Q06559,Q9VXT7
Q06559,Q9VXX8
Q06559,Q9VZF4
Q06559,Q9VZS5
Q06559,Q9W237
Q06559,Q9W3R7
Q06559,Q9XYF4
Q06849,Q24117
Q07093,Q95V55
Q07152,Q8IRH5
Q07152,Q9V7A7
Q07327,Q24558
Q07327,Q8INB9
Q07327,Q8T4F7
Q07407,Q9V3L1
Q07407,Q9VPQ6
Q07407,Q9VV74
Q07436,Q08012
Q07436,Q24311
Q07436,Q45VV3
Q07436,Q7KUT2
Q07436,Q9VA38
Q07436,Q9VY77
Q07436,Q9VZ23
Q08012,Q24255
Q08012,Q8T4F7
Q08012,Q94901
Q08012,Q9VBW3
Q08012,Q9VCZ8
Q08012,Q9VF87
Q08012,Q9VTE0
Q08012,Q9VY77
Q08012,Q9VZZ9
Q08012,Q9W0S9
Q08012,Q9W534
Q09024,Q45VV3
Q09024,Q7KUD5
Q09024,Q9VT50
Q09024,Q9VT51
Q09024,Q9VT52
Q09024,Q9VT53
Q09024,Q9W4Z4
Q09332,Q7KRR5
Q09332,Q9VC27
Q09332,Q9VNB5
Q0E940,Q7JVI3
Q0E940,Q95V55
Q0E940,Q9U3Z7
Q0E940,Q9U9Q4
Q0E940,Q9VN25
Q0E940,Q9VN50
Q0E940,Q9VTU4
Q0E940,Q9W2D9
Q0E940,Q9W4X7
Q0E9B6,Q24154
Q0E9B6,Q8MLY8
Q0E9B6,Q8T3U2
Q0E9B6,Q95V55
Q0E9B6,Q9VA91
Q0E9B6,Q9VB14
Q0E9B6,Q9VNB5
Q0E9B6,Q9VNE9
Q0E9B6,Q9VS34
Q0E9B6,Q9VTP4
Q0E9B6,Q9VXN9
Q0E9B6,Q9VXX8
Q0E9B6,Q9VZS5
Q0E9B6,Q9W0V1
Q0E9B6,Q9W237
Q0E9G3,Q24141
Q23971,Q8MSY4
Q23972,Q24009
Q23972,Q7KNS3
Q23972,Q94511
Q23972,Q9VCI5
Q23972,Q9VHS2
Q23972,Q9VXB5
Q23972,Q9W141
Q23973,Q960N3
Q23973,Q9U405
Q23976,Q24492
Q23976,Q9VGI8
Q23976,Q9VT28
Q23976,Q9VX32
Q23976,Q9W352
Q23979,Q24298
Q23979,Q9VA38
Q23985,Q24337
Q23985,Q24558
Q23985,Q7KM13
Q23985,Q7KML2
Q23985,Q9VDS5
Q23985,Q9VPR4
Q23985,Q9Y0H4
Q23989,Q24524
Q24008,Q24185
Q24009,Q868Z9
Q24009,Q9W1R5
Q24020,Q24214
Q24025,Q9V853
Q24039,Q24040
Q24039,Q9W349
Q24040,Q9W349
Q24046,Q94887
Q24046,Q9V8R9
Q24046,Q9VZF4
Q24048,Q94887
Q24048,Q9V8R9
Q24106,Q24139
Q24106,Q24307
Q24106,Q24472
Q24106,Q24475
Q24106,Q24533
Q24106,Q24568
Q24106,Q24570
Q24106,Q27368
Q24106,Q45VV3
Q24106,Q7JXV9
Q24106,Q7KML2
Q24106,Q7Z020
Q24106,Q95RA8
Q24106,Q9N658
Q24106,Q9TVM2
Q24106,Q9VD28
Q24106,Q9VVX3
Q24106,Q9W349
Q24106,Q9XYF4
Q24106,Q9XZ58
Q24117,Q86BS6
Q24117,Q94524
Q24117,Q9VGS2
Q24117,Q9VM65
Q24117,Q9VV74
Q24117,Q9VZF4
Q24139,Q8T4F7
Q24141,Q86PC9
Q24141,Q9U405
Q24141,Q9VXG4
Q24142,Q8I8V0
Q24151,Q24592
Q24151,Q27403
Q24151,Q7JXV9
Q24151,Q8I8V0
Q24151,Q94517
Q24151,Q9VEX0
Q24151,Q9VK07
Q24151,Q9VMJ7
Q24151,Q9VWE0
Q24152,Q960N3
Q24152,Q9I7I0
Q24154,Q8MLY8
Q24154,Q8T3U2
Q24154,Q9VA91
Q24154,Q9VB14
Q24154,Q9VNE9
Q24154,Q9VS34
Q24154,Q9VTP4
Q24154,Q9VXX8
Q24154,Q9VZS5
Q24154,Q9W237
Q24168,Q24169
Q24168,Q24318
Q24168,Q24472
Q24168,Q27368
Q24168,Q95RV2
Q24168,Q9U3V9
Q24168,Q9VIE6
Q24168,Q9VYX1
Q24168,Q9Y1B2
Q24169,Q9U3V9
Q24169,Q9VYX1
Q24169,Q9Y1B2
Q24185,Q8MR31
Q24185,Q9VT70
Q24192,Q24298
Q24192,Q9V9S7
Q24192,Q9VHV5
Q24210,Q9VHY5
Q24210,Q9VPS5
Q24214,Q27889
Q24251,Q24407
Q24251,Q24439
Q24251,Q94516
Q24251,Q9W141
Q24255,Q24256
Q24266,Q24325
Q24266,Q8MQJ9
Q24276,Q9VA38
Q24276,Q9Y0H4
Q24297,Q9V4Q8
Q24297,Q9VHI4
Q24297,Q9VV74
Q24298,Q7KNS3
Q24298,Q9NB04
Q24298,Q9NHV9
Q24298,Q9V3K3
Q24298,Q9V427
Q24298,Q9VH07
Q24298,Q9VMJ7
Q24298,Q9VQI9
Q24298,Q9VSL7
Q24298,Q9VVV9
Q24298,Q9W1I2
Q24307,Q24368
Q24307,Q24475
Q24307,Q24478
Q24307,Q24570
Q24307,Q7K2D2
Q24307,Q7KQM6
Q24307,Q86S05
Q24307,Q8INM3
Q24307,Q8MMC4
Q24307,Q8T8R1
Q24307,Q95029
Q24307,Q960X8
Q24307,Q9GNK5
Q24307,Q9I7K0
Q24307,Q9NDJ2
Q24307,Q9U3Z7
Q24307,Q9V3B4
Q24307,Q9V3K3
Q24307,Q9V4C8
Q24307,Q9VAF0
Q24307,Q9VB08
Q24307,Q9VBX2
Q24307,Q9VCA8
Q24307,Q9VFJ3
Q24307,Q9VH07
Q24307,Q9VKQ9
Q24307,Q9VL52
Q24307,Q9VMN5
Q24307,Q9VNX8
Q24307,Q9VQ79
Q24307,Q9VXE6
Q24307,Q9VYG2
Q24307,Q9W237
Q24307,Q9XYF4
Q24307,Q9Y0I1
Q24311,Q8INB9
Q24311,Q8MSX1
Q24311,Q8SX86
Q24311,Q94514
Q24311,Q9NHX0
Q24311,Q9V6L9
Q24311,Q9VK45
Q24311,Q9VKY2
Q24311,Q9VPS5
Q24311,Q9VSF3
Q24311,Q9VV74
Q24317,Q9VB62
Q24318,Q24472
Q24318,Q24478
Q24318,Q27368
Q24318,Q8I8V0
Q24318,Q8SYD0
Q24318,Q8WTC1
Q24318,Q960X4
Q24318,Q9V431
Q24318,Q9VND8
Q24319,Q24407
Q24319,Q24439
Q24319,Q27268
Q24319,Q7K1V5
Q24319,Q8INB9
Q24319,Q94920
Q24319,Q95028
Q24319,Q95RA8
Q24319,Q95RI5
Q24319,Q9VQP9
Q24319,Q9VSA3
Q24319,Q9VWH4
Q24319,Q9W141
Q24319,Q9Y140
Q24320,Q9XZT7
Q24322,Q24368
Q24322,Q24498
Q24322,Q24595
Q24322,Q5EAK6
Q24322,Q6AWJ9
Q24322,Q8I8U7
Q24322,Q8IRW8
Q24322,Q9NDJ2
Q24322,Q9V3L1
Q24322,Q9V9E3
Q24322,Q9V9K7
Q24322,Q9VCA8
Q24322,Q9VEN1
Q24322,Q9VK45
Q24322,Q9VKJ1
Q24322,Q9VLT5
Q24322,Q9VN25
Q24322,Q9VX32
Q24322,Q9W2E1
Q24322,Q9W2N0
Q24322,Q9W484
Q24323,Q8IN81
Q24323,Q9V4A7
Q24323,Q9VLA2
Q24323,Q9VZF4
Q24337,Q9V6B9
Q24337,Q9V9X4
Q24337,Q9VLR9
Q24337,Q9VVN2
Q24338,Q24459
Q24338,Q27368
Q24338,Q27403
Q24338,Q8ST83
Q24338,Q94517
Q24338,Q9N658
Q24338,Q9NJG9
Q24338,Q9VA38
Q24338,Q9VHA0
Q24342,Q26366
Q24368,Q24478
Q24368,Q94517
Q24368,Q95V55
Q24368,Q9NDJ2
Q24368,Q9V576
Q24368,Q9VEZ5
Q24368,Q9VMX6
Q24368,Q9VNB5
Q24368,Q9VND8
Q24368,Q9W0T1
Q24400,Q9VH90
Q24407,Q24439
Q24407,Q7K1V5
Q24407,Q94516
Q24407,Q94920
Q24407,Q9VL18
Q24407,Q9VL63
Q24407,Q9VQP9
Q24407,Q9W141
Q24418,Q7Z020
Q24434,Q9VB08
Q24439,Q7K1V5
Q24439,Q94516
Q24439,Q94920
Q24439,Q9W141
Q24459,Q94517
Q24459,Q9NJG9
Q24459,Q9V3K3
Q24459,Q9VHA0
Q24459,Q9VK34
Q24459,Q9VMX6
Q24472,Q24475
Q24472,Q24478
Q24472,Q27368
Q24472,Q27571
Q24472,Q7KNF2
Q24472,Q7YZH1
Q24472,Q94517
Q24472,Q960X8
Q24472,Q9NDJ2
Q24472,Q9V407
Q24472,Q9VND8
Q24472,Q9VQI9
Q24475,Q24570
Q24475,Q6AWG9
Q24475,Q7K237
Q24475,Q7KM13
Q24475,Q95V55
Q24475,Q961G1
Q24475,Q9V3C0
Q24475,Q9V5C6
Q24475,Q9VD28
Q24475,Q9VI25
Q24475,Q9VQI9
Q24475,Q9VT51
Q24475,Q9W349
Q24475,Q9XYF4
Q24475,Q9XZ58
Q24478,Q86B87
Q24478,Q8MSV2
Q24478,Q94527
Q24478,Q9V3B4
Q24478,Q9VEZ5
Q24478,Q9VUM0
Q24478,Q9VXN9
Q24478,Q9W0T1
Q24498,Q9V3X4
Q24509,Q24547
Q24509,Q9VE50
Q24509,Q9VSU7
Q24535,Q94545
Q24535,Q94918
Q24535,Q9VZS3
Q24535,Q9W2D6
Q24547,Q8IPM8
Q24547,Q8IRH5
Q24547,Q8MMC4
Q24547,Q8T3U2
Q24547,Q9VE50
Q24547,Q9VL72
Q24547,Q9VMW9
Q24547,Q9VSU7
Q24562,Q94535
Q24570,Q8INB9
Q24570,Q95V55
Q24570,Q9VC27
Q24570,Q9VD28
Q24570,Q9VIW3
Q24570,Q9VQG2
Q24570,Q9XYF4
Q24573,Q9VC57
Q24592,Q27403
Q24592,Q9VPQ6
Q24592,Q9VWE0
Q24592,Q9W032
Q24592,Q9W0T1
Q26263,Q7KM13
Q26263,Q8MQJ9
Q26263,Q9VK34
Q26263,Q9VZ09
Q26366,Q27368
Q26366,Q45VV3
Q26366,Q8I8U7
Q26366,Q9W2N0
Q26416,Q8SY61
Q26454,Q9V461
Q26454,Q9VGW6
Q26454,Q9VMJ7
Q26454,Q9XYU0
Q27268,Q8INB9
Q27268,Q8IRH5
Q27268,Q95028
Q27268,Q95029
Q27268,Q9V431
Q27268,Q9VHS8
Q27268,Q9VHV5
Q27268,Q9VSA3
Q27268,Q9W1F4
Q27272,Q8I8V0
Q27272,Q9U5W9
Q27272,Q9VHI4
Q27272,Q9VYG2
Q27272,Q9VYX1
Q27272,Q9XZT7
Q27297,Q8INB9
Q27297,Q9V4F9
Q27297,Q9VE86
Q27297,Q9VF30
Q27297,Q9VFK6
Q27297,Q9VLR9
Q27297,Q9VXE5
Q27297,Q9W123
Q27297,Q9W157
Q27324,Q7M3M8
Q27324,Q8IMX7
Q27324,Q9V422
Q27350,Q7K0Y1
Q27350,Q9VNI3
Q27350,Q9Y091
Q27368,Q8ST83
Q27368,Q8WTC1
Q27368,Q9NDJ2
Q27368,Q9NJG9
Q27368,Q9V431
Q27368,Q9VHA0
Q27368,Q9VLJ8
Q27368,Q9VT57
Q27403,Q7YU81
Q27403,Q86BA1
Q27403,Q8IN81
Q27403,Q8IRH5
Q27403,Q8MQJ9
Q27403,Q9VLA2
Q27403,Q9VQI9
Q27403,Q9VW15
Q27403,Q9VWE0
Q27403,Q9VZF4
Q27403,Q9W0T1
Q27415,Q95RI5
Q27415,Q9NFP5
Q27415,Q9V429
Q27415,Q9V6Q2
Q27415,Q9V818
Q27415,Q9VEZ5
Q27415,Q9VGS2
Q27415,Q9VH95
Q27415,Q9VL18
Q27415,Q9VYA8
Q27571,Q95V55
Q27591,Q9VVX3
Q27593,Q9VNB5
Q27606,Q9V4T5
Q27889,Q9VLR9
Q27889,Q9VR89
Q27889,Q9W1K5
Q27934,Q7YU81
Q27934,Q8SWU7
Q27934,Q8T6B9
Q27934,Q9VCE6
Q27934,Q9VI55
Q27934,Q9VQI9
Q27934,Q9VS50
Q27934,Q9W1A4
Q45VV3,Q7KR04
Q45VV3,Q8I7C3
Q45VV3,Q8IH24
Q45VV3,Q8IRW8
Q45VV3,Q95RA8
Q45VV3,Q9NBD7
Q45VV3,Q9V853
Q45VV3,Q9VA38
Q45VV3,Q9VCA8
Q45VV3,Q9VP05
Q45VV3,Q9VSH4
Q45VV3,Q9VY77
Q45VV3,Q9VY93
Q45VV3,Q9W1X7
Q45VV3,Q9XYF4
Q45VV3,Q9Y149
Q4LBB9,Q9VCZ3
Q5EAK6,Q94517
Q5EAK6,Q94527
Q5EAK6,Q95RV2
Q5EAK6,Q9VGS2
Q5EAK6,Q9VVN4
Q5EAK6,Q9VXG8
Q5EAK6,Q9W252
Q6AWJ9,Q9VVX3
Q6J5K9,Q9VXG8
Q6J5K9,Q9W1I9
Q6NN85,Q9VXE5
Q6NP60,Q9VHH9
Q7JRJ1,Q95RI5
Q7JRJ1,Q9VGS2
Q7JRJ1,Q9W1R4
Q7JRJ1,Q9XZT7
Q7JUR6,Q7KS38
Q7JUY7,Q9VG82
Q7JVE7,Q9NBD7
Q7JVI3,Q9U9Q4
Q7JVI3,Q9VN25
Q7JVI3,Q9VN50
Q7JVI3,Q9VND8
Q7JVI3,Q9VTU4
Q7JVI3,Q9VV74
Q7JVI3,Q9W0V1
Q7JVI3,Q9W2D9
Q7JVI3,Q9W4X7
Q7JVI3,Q9XYF4
Q7JW12,Q9VLP3
Q7JW27,Q9VLT8
Q7JW27,Q9VUY8
Q7JW27,Q9VXH9
Q7JW27,Q9W0T1
Q7JWD3,Q86BJ3
Q7JWR9,Q7YU81
Q7JWW5,Q9VIV3
Q7JYV7,Q8MSU4
Q7JZB4,Q8INB9
Q7JZB4,Q9VLN1
Q7JZB4,Q9VNI3
Q7K0L4,Q9XZF0
Q7K0S9,Q9W1A4
Q7K0Y1,Q9V411
Q7K0Y1,Q9VJZ7
Q7K0Y1,Q9VKB4
Q7K0Y1,Q9VKQ3
Q7K0Y1,Q9VTU4
Q7K1V5,Q94516
Q7K1V5,Q9VQP9
Q7K1V5,Q9Y140
Q7K1Y4,Q9V968
Q7K1Y4,Q9VTC4
Q7K237,Q95029
Q7K237,Q9VGS2
Q7K237,Q9VI25
Q7K2D2,Q7KNS3
Q7K2D2,Q8IRH5
Q7K2D2,Q9VNB5
Q7K2D2,Q9VXE5
Q7K2D2,Q9W2N0
Q7K2G1,Q7KLV9
Q7K2G1,Q8INB9
Q7K2G1,Q95083
Q7K2G1,Q9V3G7
Q7K2G1,Q9V3H2
Q7K2G1,Q9V3P6
Q7K2G1,Q9V5C6
Q7K2G1,Q9XYN7
Q7K3B9,Q9VNH1
Q7K4N3,Q9U3V9
Q7K4N3,Q9V3L6
Q7K4N3,Q9V9K7
Q7K4N3,Q9VTL1
Q7K4N3,Q9VVR6
Q7K550,Q8T9B6
Q7K7A9,Q8MR62
Q7KBL8,Q8MSX1
Q7KBL8,Q8MSX2
Q7KBL8,Q8T9B6
Q7KBL8,Q9GYU7
Q7KBL8,Q9GYV9
Q7KBL8,Q9I7T7
Q7KBL8,Q9VEC1
Q7KBL8,Q9VNG0
Q7KBL8,Q9VS38
Q7KBL8,Q9VSH4
Q7KBL8,Q9VT57
Q7KBL8,Q9VVS4
Q7KBL8,Q9VYG2
Q7KBL8,Q9W0P3
Q7KBL8,Q9W1X7
Q7KBL8,Q9W278
Q7KBL8,Q9XZT1
Q7KBL8,Q9Y149
Q7KLV9,Q95083
Q7KLV9,Q9V345
Q7KLV9,Q9V3G7
Q7KLV9,Q9V3H2
Q7KLV9,Q9V3P6
Q7KLV9,Q9V5C6
Q7KLV9,Q9XYN7
Q7KM13,Q9VRJ9
Q7KML2,Q9TVM2
Q7KML2,Q9VJS8
Q7KML2,Q9VR99
Q7KML2,Q9VTP4
Q7KML2,Q9W1A2
Q7KNF2,Q9NDJ2
Q7KNS3,Q9VEX5
Q7KNS3,Q9VT70
Q7KQM6,Q9VMP9
Q7KRI2,Q86B87
Q7KRW1,Q9U9Q4
Q7KRW1,Q9V3C1
Q7KRW1,Q9VCY3
Q7KRW1,Q9VN50
Q7KRW1,Q9XZ58
Q7KRY6,Q9VLU0
Q7KS38,Q95V55
Q7KS38,Q95YI5
Q7KS38,Q9V460
Q7KS38,Q9VT65
Q7KTX8,Q8IH24
Q7KTX8,Q9GYV9
Q7KTX8,Q9V4C8
Q7KTX8,Q9VEC1
Q7KTX8,Q9VS38
Q7KTX8,Q9VSH4
Q7KTX8,Q9VT57
Q7KTX8,Q9VVS4
Q7KTX8,Q9VW47
Q7KTX8,Q9W0P3
Q7KTX8,Q9W1X7
Q7KTX8,Q9W278
Q7KTX8,Q9XZT1
Q7KTX8,Q9Y149
Q7KU86,Q9VLJ8
Q7KUD5,Q9VT51
Q7KUT2,Q8INB9
Q7KVH9,Q9I7S8
Q7KW14,Q8IRJ8
Q7KW14,Q9V564
Q7KW14,Q9VVT5
Q7KW39,Q9VNB5
Q7YU24,Q8IMX7
Q7YU24,Q94920
Q7YU24,Q9VES1
Q7YU24,Q9VVX3
Q7YU24,Q9VXE5
Q7YU81,Q8I8V0
Q7YU81,Q9VS59
Q7Z020,Q94527
Q7Z020,Q9VET0
Q7Z020,Q9VGE8
Q7Z020,Q9VKJ7
Q7Z020,Q9VM08
Q7Z020,Q9VT92
Q868Z9,Q9V407
Q868Z9,Q9V6B9
Q868Z9,Q9VC57
Q868Z9,Q9VS59
Q868Z9,Q9W376
Q868Z9,Q9XTL9
Q86B79,Q9N2M8
Q86B79,Q9V719
Q86B79,Q9VK45
Q86B79,Q9VND8
Q86B87,Q8MSV2
Q86B87,Q94519
Q86B87,Q9VEN1
Q86B87,Q9VH95
Q86B87,Q9VQ62
Q86B87,Q9W141
Q86B87,Q9W349
Q86BA1,Q9VND8
Q86BE9,Q9VC27
Q86BE9,Q9VQG2
Q86BJ3,Q9VWV9
Q86BN8,Q9VNB5
Q86BS6,Q94524
Q86NP2,Q9Y113
Q86PC9,Q8T8R1
Q86S05,Q94527
Q86S05,Q9GNK5
Q86S05,Q9NFU0
Q86S05,Q9V3B4
Q86S05,Q9VEZ5
Q86S05,Q9VXN9
Q8I0G5,Q9VGI8
Q8I0P1,Q9VC57
Q8I8U7,Q8I8V0
Q8I8U7,Q960X4
Q8I8U7,Q9NDJ2
Q8I8U7,Q9VH07
Q8I8U7,Q9VHI4
Q8I8U7,Q9VYX1
Q8I8V0,Q8IN81
Q8I8V0,Q8ST83
Q8I8V0,Q9U5W9
Q8I8V0,Q9V4C8
Q8I8V0,Q9VHI4
Q8I8V0,Q9VKV8
Q8I8V0,Q9VVR1
Q8I8V0,Q9VVR6
Q8I8V0,Q9VWA8
Q8I8V0,Q9VYG2
Q8I8V0,Q9VYX1
Q8I8V0,Q9W0K4
Q8I8V0,Q9XZT7
Q8IH24,Q8MSX2
Q8IH24,Q9GYV9
Q8IH24,Q9VEC1
Q8IH24,Q9VVS4
Q8IH24,Q9XZT1
Q8IMP6,Q9W0V1
Q8IMX7,Q94920
Q8IMX7,Q9V3W6
Q8IMX7,Q9VLP7
Q8IMX7,Q9VS48
Q8IMX7,Q9W462
Q8IN81,Q94517
Q8IN81,Q9NFU0
Q8IN81,Q9NLA6
Q8IN81,Q9VBV3
Q8IN81,Q9Y0A7
Q8INB9,Q8T4F7
Q8INB9,Q94511
Q8INB9,Q95028
Q8INB9,Q95RI5
Q8INB9,Q95V55
Q8INB9,Q9NGC3
Q8INB9,Q9V7Y2
Q8INB9,Q9VA91
Q8INB9,Q9VGS2
Q8INB9,Q9VIK9
Q8INB9,Q9VKD3
Q8INB9,Q9VPR4
Q8INB9,Q9VSA3
Q8INB9,Q9VT28
Q8INB9,Q9W0V1
Q8INB9,Q9W1K5
Q8INB9,Q9W237
Q8INB9,Q9W2N0
Q8INB9,Q9Y149
Q8INK6,Q9VHB3
Q8INK6,Q9VS97
Q8INK6,Q9VXN9
Q8INM3,Q95V55
Q8INM3,Q9V3B4
Q8INM3,Q9VEZ5
Q8INM3,Q9VXN9
Q8INQ7,Q960W6
Q8IQ13,Q9NBD7
Q8IRB5,Q95V55
Q8IRG6,Q9V6Q2
Q8IRH5,Q94901
Q8IRH5,Q95V55
Q8IRH5,Q9NFU0
Q8IRH5,Q9VEC1
Q8IRH5,Q9VJS8
Q8IRH5,Q9VSH4
Q8IRH5,Q9VSS2
Q8IRH5,Q9VV74
Q8IRH5,Q9VVS4
Q8IRH5,Q9VWA2
Q8IRH5,Q9VXG4
Q8IRH5,Q9VXN9
Q8IRJ8,Q9VYX1
Q8IRR5,Q8T4F7
Q8IRR5,Q9Y149
Q8IRW8,Q8SX83
Q8IRW8,Q94545
Q8ITC7,Q9NIP6
Q8MLV1,Q9W157
Q8MLY8,Q8T3U2
Q8MLY8,Q95RA8
Q8MLY8,Q9VA91
Q8MLY8,Q9VB14
Q8MLY8,Q9VI55
Q8MLY8,Q9VI60
Q8MLY8,Q9VNE9
Q8MLY8,Q9VS34
Q8MLY8,Q9VTP4
Q8MLY8,Q9VXX8
Q8MLY8,Q9VZS5
Q8MLY8,Q9W237
Q8MMC4,Q9VGC7
Q8MQJ9,Q9I7T7
Q8MQJ9,Q9V407
Q8MQJ9,Q9VK34
Q8MR31,Q9VS50
Q8MSU4,Q9V3D6
Q8MSU4,Q9VAN6
Q8MSX1,Q8MSX2
Q8MSX1,Q9GYU7
Q8MSX1,Q9GYV9
Q8MSX1,Q9VEC1
Q8MSX1,Q9VNG0
Q8MSX1,Q9VSH4
Q8MSX1,Q9VT57
Q8MSX1,Q9VVS4
Q8MSX1,Q9VYG2
Q8MSX1,Q9XZT1
Q8MSX1,Q9Y149
Q8MSX2,Q8T9B6
Q8MSX2,Q9GYU7
Q8MSX2,Q9GYV9
Q8MSX2,Q9I7T7
Q8MSX2,Q9V439
Q8MSX2,Q9VBQ9
Q8MSX2,Q9VEC1
Q8MSX2,Q9VNG0
Q8MSX2,Q9VS38
Q8MSX2,Q9VSH4
Q8MSX2,Q9VT57
Q8MSX2,Q9VVS4
Q8MSX2,Q9VYG2
Q8MSX2,Q9W0P3
Q8MSX2,Q9W1X7
Q8MSX2,Q9W278
Q8MSX2,Q9XZT1
Q8MSX2,Q9Y149
Q8MT06,Q9V411
Q8ST83,Q9V3K3
Q8ST83,Q9V460
Q8ST83,Q9VEC3
Q8ST83,Q9VH07
Q8ST83,Q9VHA0
Q8ST83,Q9VHI4
Q8ST83,Q9VK33
Q8ST83,Q9VX09
Q8SWR8,Q9I7T7
Q8SWR8,Q9NFU0
Q8SWR8,Q9VYR0
Q8SX83,Q9V3Z6
Q8SX86,Q9V5C6
Q8SX86,Q9V637
Q8SXQ7,Q94527
Q8SXQ7,Q9GNK5
Q8SXQ7,Q9VXN9
Q8SY33,Q94547
Q8SY33,Q9VTP4
Q8SY61,Q9W1C9
Q8SYG2,Q9V4S8
Q8SZ16,Q94519
Q8SZZ8,Q9VW51
Q8SZZ8,Q9W1R4
Q8T053,Q9VNX8
Q8T390,Q9XZ63
Q8T3U2,Q95V55
Q8T3U2,Q9VA91
Q8T3U2,Q9VB14
Q8T3U2,Q9VND8
Q8T3U2,Q9VNE9
Q8T3U2,Q9VS34
Q8T3U2,Q9VTP4
Q8T3U2,Q9VXX8
Q8T3U2,Q9VZS5
Q8T3U2,Q9W0V1
Q8T3U2,Q9W237
Q8T4F7,Q94524
Q8T6B9,Q9VLR5
Q8T6B9,Q9VUJ0
Q8T6B9,Q9VUR3
Q8T8R1,Q94527
Q8T8R1,Q9GNK5
Q8T8R1,Q9V3B4
Q8T8R1,Q9VEZ5
Q8T8R1,Q9VXN9
Q8T9B6,Q9GYU7
Q8T9B6,Q9GYV9
Q8T9B6,Q9I7T7
Q8T9B6,Q9V345
Q8T9B6,Q9V4I1
Q8T9B6,Q9VEC1
Q8T9B6,Q9VH48
Q8T9B6,Q9VH95
Q8T9B6,Q9VNG0
Q8T9B6,Q9VS38
Q8T9B6,Q9VSH3
Q8T9B6,Q9VSH4
Q8T9B6,Q9VT57
Q8T9B6,Q9VVS4
Q8T9B6,Q9VWH4
Q8T9B6,Q9VYG2
Q8T9B6,Q9W0P3
Q8T9B6,Q9W138
Q8T9B6,Q9W1X7
Q8T9B6,Q9W278
Q8T9B6,Q9XZT1
Q8T9B6,Q9Y149
Q94511,Q95V55
Q94511,Q9VC57
Q94511,Q9VD28
Q94514,Q9VZF4
Q94514,Q9W141
Q94516,Q94920
Q94516,Q9VLA2
Q94516,Q9W141
Q94517,Q9N658
Q94517,Q9NDJ2
Q94517,Q9NJG9
Q94517,Q9V895
Q94517,Q9VK33
Q94517,Q9VK34
Q94517,Q9VMJ7
Q94517,Q9VNB5
Q94517,Q9VU95
Q94517,Q9Y0I1
Q94519,Q9VN27
Q94524,Q9VD28
Q94527,Q95029
Q94527,Q9I7K0
Q94527,Q9U3Z7
Q94527,Q9V4C8
Q94527,Q9VAF0
Q94527,Q9VEZ5
Q94527,Q9VH07
Q94527,Q9VL52
Q94527,Q9VMN5
Q94527,Q9VS59
Q94527,Q9VXE6
Q94527,Q9VXN9
Q94527,Q9W237
Q94527,Q9W2D6
Q94545,Q9V3J8
Q94545,Q9V4C8
Q94545,Q9VKQ9
Q94545,Q9VLN1
Q94545,Q9VMJ7
Q94545,Q9VPH8
Q94545,Q9W352
Q94547,Q9I7T7
Q94547,Q9VTP4
Q94887,Q9NB04
Q94887,Q9V8R9
Q94887,Q9VN14
Q94899,Q9V345
Q94899,Q9V4S8
Q94899,Q9VCY3
Q94899,Q9VVR6
Q94899,Q9XZ58
Q94918,Q9VD83
Q94918,Q9VEX0
Q94918,Q9VM64
Q94918,Q9Y0Y6
Q94920,Q95028
Q94920,Q95RI5
Q94920,Q9VAM6
Q94920,Q9VEZ5
Q94920,Q9VSA3
Q94920,Q9VTU4
Q94920,Q9W141
Q94920,Q9XY35
Q95028,Q9VHV5
Q95028,Q9VSA3
Q95028,Q9W0P5
Q95028,Q9XY35
Q95029,Q9GNK5
Q95029,Q9V3B4
Q95029,Q9VA38
Q95029,Q9VEZ5
Q95029,Q9VKD3
Q95029,Q9VSA3
Q95029,Q9VVI2
Q95029,Q9VXN9
Q95083,Q9V3G7
Q95083,Q9V3H2
Q95083,Q9V3P6
Q95083,Q9V5C6
Q95083,Q9VQE5
Q95083,Q9VVR4
Q95083,Q9XYN7
Q95RA8,Q9NBK5
Q95RA8,Q9VA38
Q95RC0,Q9I7K0
Q95RC0,Q9W1A2
Q95RI5,Q9VH95
Q95RI5,Q9VL18
Q95RI5,Q9VSA3
Q95RI5,Q9VWH4
Q95RV2,Q9Y1B2
Q95SK3,Q9VDD1
Q95SK3,Q9VI55
Q95V55,Q9U9Q4
Q95V55,Q9V8R9
Q95V55,Q9VA91
Q95V55,Q9VFE6
Q95V55,Q9VGR7
Q95V55,Q9VK34
Q95V55,Q9VL96
Q95V55,Q9VLK2
Q95V55,Q9VN25
Q95V55,Q9VN50
Q95V55,Q9VND8
Q95V55,Q9VNE9
Q95V55,Q9VS34
Q95V55,Q9W1V3
Q95V55,Q9W2D9
Q95V55,Q9W3C2
Q95V55,Q9XTN2
Q960E8,Q9VP04
Q960E8,Q9VS38
Q960E8,Q9W2E1
Q960N3,Q9U405
Q960T2,Q9VGS2
Q960T2,Q9VPH7
Q960X4,Q9NDJ2
Q960X4,Q9V3K3
Q960X4,Q9VH07
Q960X4,Q9VSS2
Q960X4,Q9Y0I1
Q960X8,Q9V359
Q960X8,Q9V595
Q960X8,Q9VAD6
Q960X8,Q9VEN1
Q960X8,Q9VQI9
Q960X8,Q9VVT5
Q960X8,Q9VW47
Q960X8,Q9VXG4
Q960Z0,Q9XYN7
Q961D9,Q9V9W8
Q961D9,Q9VEZ5
Q9GNK5,Q9I7K0
Q9GNK5,Q9U3Z7
Q9GNK5,Q9V4C8
Q9GNK5,Q9VK33
Q9GNK5,Q9VMN5
Q9GNK5,Q9VS97
Q9GNK5,Q9VXN9
Q9GNK5,Q9W0P5
Q9GNK5,Q9W237
Q9GQN5,Q9NDJ2
Q9GYU7,Q9GYV9
Q9GYU7,Q9I7T7
Q9GYU7,Q9VEC1
Q9GYU7,Q9VNG0
Q9GYU7,Q9VS38
Q9GYU7,Q9VSH4
Q9GYU7,Q9VVS4
Q9GYU7,Q9VYG2
Q9GYU7,Q9W0P3
Q9GYU7,Q9W1X7
Q9GYU7,Q9W278
Q9GYU7,Q9XZT1
Q9GYU7,Q9Y149
Q9GYU8,Q9TVM2
Q9GYU8,Q9VS38
Q9GYU8,Q9VVB4
Q9GYU8,Q9VVT5
Q9GYU8,Q9W1A4
Q9GYU8,Q9W1X4
Q9GYU8,Q9Y091
Q9GYV9,Q9I7T7
Q9GYV9,Q9VEC1
Q9GYV9,Q9VNG0
Q9GYV9,Q9VS38
Q9GYV9,Q9VSH4
Q9GYV9,Q9VT57
Q9GYV9,Q9VVS4
Q9GYV9,Q9VYG2
Q9GYV9,Q9W0P3
Q9GYV9,Q9W1X7
Q9GYV9,Q9W278
Q9GYV9,Q9XZT1
Q9GYV9,Q9Y149
Q9I7D3,Q9NFU0
Q9I7I7,Q9NGC3
Q9I7I7,Q9Y149
Q9I7K0,Q9NFP5
Q9I7K0,Q9V3B4
Q9I7K0,Q9VEX9
Q9I7K0,Q9VEZ5
Q9I7K0,Q9VXN9
Q9I7S8,Q9VC57
Q9I7T7,Q9VEC1
Q9I7T7,Q9VNG0
Q9I7T7,Q9VS38
Q9I7T7,Q9VSH4
Q9I7T7,Q9VVS4
Q9I7T7,Q9VYG2
Q9I7T7,Q9W0P3
Q9I7T7,Q9W1X7
Q9I7T7,Q9XZT1
Q9I7X6,Q9VZ09
Q9N658,Q9NJG9
Q9N658,Q9VQI9
Q9NBD7,Q9VQ62
Q9NBD7,Q9W0T1
Q9NBD7,Q9Y0H4
Q9NBK5,Q9V719
Q9NBK5,Q9VA38
Q9NBK5,Q9VT28
Q9NBW1,Q9VFX1
Q9NDJ2,Q9V3K3
Q9NDJ2,Q9V464
Q9NDJ2,Q9V895
Q9NDJ2,Q9VH07
Q9NDJ2,Q9VL72
Q9NDJ2,Q9VM17
Q9NDJ2,Q9VMX6
Q9NDJ2,Q9VQI9
Q9NDJ2,Q9VTU1
Q9NDJ2,Q9VU95
Q9NDJ2,Q9VW15
Q9NDJ2,Q9W3R7
Q9NDJ2,Q9Y0I1
Q9NFP5,Q9V429
Q9NFP5,Q9V5C6
Q9NFP5,Q9VGS2
Q9NFP5,Q9VH95
Q9NFP5,Q9VL18
Q9NFP5,Q9VMW7
Q9NFP5,Q9VVA0
Q9NFP5,Q9W1G0
Q9NFU0,Q9NGC3
Q9NFU0,Q9VCU9
Q9NFU0,Q9VF87
Q9NFU0,Q9VH14
Q9NGC3,Q9VCE6
Q9NGC3,Q9VLR9
Q9NGC3,Q9VTU3
Q9NHD5,Q9VG82
Q9NHD5,Q9VYG2
Q9NHX0,Q9VSF3
Q9NIV1,Q9V579
Q9NJG9,Q9VHA0
Q9NJH0,Q9VD92
Q9NJH0,Q9VH95
Q9NJH0,Q9VL18
Q9NJH0,Q9VXK0
Q9NJH0,Q9W4Q9
Q9NKV0,Q9W349
Q9NKV0,Q9W5B6
Q9TVM2,Q9VKY2
Q9TVQ5,Q9V3L6
Q9TVQ5,Q9V460
Q9U1H9,Q9V3H8
Q9U1H9,Q9VIW3
Q9U1H9,Q9VTL1
Q9U1M2,Q9W1C9
Q9U3V9,Q9VTL1
Q9U3V9,Q9VVR6
Q9U3V9,Q9VYX1
Q9U3V9,Q9W1F4
Q9U3V9,Q9Y1B2
Q9U3Z7,Q9V3B4
Q9U3Z7,Q9VEZ5
Q9U3Z7,Q9VXN9
Q9U405,Q9Y091
Q9U5L1,Q9VNB5
Q9U5W9,Q9VYX1
Q9U5W9,Q9XZT7
Q9U9Q4,Q9VN25
Q9U9Q4,Q9VN50
Q9U9Q4,Q9VTU4
Q9U9Q4,Q9W2D9
Q9U9Q4,Q9W4X7
Q9V345,Q9V4S8
Q9V345,Q9VCY3
Q9V345,Q9VEC3
Q9V345,Q9VLC0
Q9V345,Q9VS60
Q9V345,Q9XZ58
Q9V3B4,Q9V3K3
Q9V3B4,Q9V4C8
Q9V3B4,Q9VAF0
Q9V3B4,Q9VFE4
Q9V3B4,Q9VH07
Q9V3B4,Q9VIW3
Q9V3B4,Q9VMN5
Q9V3B4,Q9VWH4
Q9V3B4,Q9VXN9
Q9V3B4,Q9W1X4
Q9V3B4,Q9W237
Q9V3B6,Q9VDS5
Q9V3C0,Q9V9E3
Q9V3C0,Q9VB74
Q9V3C0,Q9VLR5
Q9V3C0,Q9VMQ5
Q9V3C1,Q9VZF4
Q9V3D4,Q9VCA2
Q9V3G7,Q9V3H2
Q9V3G7,Q9V3P6
Q9V3G7,Q9V5C6
Q9V3G7,Q9XYN7
Q9V3H2,Q9V3P6
Q9V3H2,Q9V5C6
Q9V3H2,Q9XYN7
Q9V3H8,Q9VIW3
Q9V3J1,Q9V7D2
Q9V3J1,Q9VFP1
Q9V3J8,Q9V4C8
Q9V3J8,Q9VBX2
Q9V3J8,Q9VJQ5
Q9V3J8,Q9VLN1
Q9V3J8,Q9VZF4
Q9V3K3,Q9VEZ5
Q9V3K3,Q9VH07
Q9V3K3,Q9VK33
Q9V3K3,Q9VK45
Q9V3K3,Q9VU95
Q9V3K3,Q9VXN9
Q9V3L6,Q9V9K7
Q9V3L6,Q9VSH4
Q9V3P6,Q9V5C6
Q9V3P6,Q9V6U9
Q9V3P6,Q9VI60
Q9V3P6,Q9XYN7
Q9V3S9,Q9V3U0
Q9V3U2,Q9VC57
Q9V3U2,Q9W3Y0
Q9V3X4,Q9VSU7
Q9V3Z6,Q9XYF4
Q9V407,Q9V9W8
Q9V407,Q9VBP3
Q9V411,Q9VGN9
Q9V411,Q9VI82
Q9V411,Q9VJZ7
Q9V411,Q9VKB4
Q9V411,Q9VL96
Q9V412,Q9VR99
Q9V419,Q9VNB5
Q9V429,Q9VLN1
Q9V429,Q9VNI3
Q9V429,Q9VQ79
Q9V429,Q9W2M2
Q9V439,Q9V4F9
Q9V439,Q9VEC1
Q9V439,Q9VVS4
Q9V461,Q9VGW6
Q9V461,Q9VMJ7
Q9V461,Q9XYU0
Q9V464,Q9VMJ7
Q9V464,Q9Y0I1
Q9V4A7,Q9VX32
Q9V4C8,Q9VBX2
Q9V4C8,Q9VEZ5
Q9V4C8,Q9VJQ5
Q9V4C8,Q9VLN1
Q9V4C8,Q9VXN9
Q9V4F9,Q9VEC1
Q9V4Q8,Q9VHI4
Q9V4Q8,Q9VV74
Q9V4Q8,Q9VVX0
Q9V4S8,Q9V564
Q9V4S8,Q9VCY3
Q9V4S8,Q9XZ58
Q9V4U9,Q9VBV5
Q9V4U9,Q9VD28
Q9V4U9,Q9Y0I1
Q9V4Z9,Q9VQS7
Q9V4Z9,Q9VQU9
Q9V535,Q9VHS8
Q9V557,Q9VWV9
Q9V564,Q9VCG4
Q9V564,Q9VYG2
Q9V574,Q9W1K5
Q9V5C6,Q9V637
Q9V5C6,Q9VQE5
Q9V5C6,Q9VYY4
Q9V5C6,Q9XYN7
Q9V5N8,Q9VPH0
Q9V637,Q9VBP3
Q9V637,Q9VFS8
Q9V6B9,Q9VGW6
Q9V6B9,Q9VTC2
Q9V6B9,Q9VTU4
Q9V6B9,Q9VVT5
Q9V6B9,Q9W1A4
Q9V6K1,Q9VBQ9
Q9V6K1,Q9VDS5
Q9V719,Q9VK45
Q9V719,Q9VND8
Q9V771,Q9VNB5
Q9V784,Q9VNB5
Q9V785,Q9VLU0
Q9V7D2,Q9VC57
Q9V7S5,Q9VH95
Q9V813,Q9W1U4
Q9V831,Q9VLJ8
Q9V853,Q9VA38
Q9V877,Q9VK89
Q9V877,Q9VZ23
Q9V895,Q9VH07
Q9V895,Q9VU95
Q9V8I2,Q9VJD2
Q9V8I2,Q9VR52
Q9V8Y7,Q9VVN4
Q9V968,Q9VTC4
Q9V9E3,Q9VLR5
Q9V9E3,Q9VPS5
Q9V9K7,Q9VA38
Q9VA00,Q9VT70
Q9VA38,Q9VSA3
Q9VA38,Q9VY77
Q9VA70,Q9VIP7
Q9VA91,Q9VB14
Q9VA91,Q9VD92
Q9VA91,Q9VI55
Q9VA91,Q9VND8
Q9VA91,Q9VNE9
Q9VA91,Q9VS34
Q9VA91,Q9VTP4
Q9VA91,Q9VXX8
Q9VA91,Q9VZS5
Q9VA91,Q9W0V1
Q9VA91,Q9W237
Q9VAF0,Q9VEZ5
Q9VAF0,Q9VXN9
Q9VAM6,Q9VNB5
Q9VAN0,Q9VNB5
Q9VAQ7,Q9VNI3
Q9VAT2,Q9VXE5
Q9VAU9,Q9W4I5
Q9VAY3,Q9W385
Q9VB08,Q9VEZ5
Q9VB08,Q9VHA0
Q9VB08,Q9VHH9
Q9VB08,Q9VMX6
Q9VB08,Q9VWE0
Q9VB08,Q9VXN9
Q9VB14,Q9VNE9
Q9VB14,Q9VS34
Q9VB14,Q9VTP4
Q9VB14,Q9VXX8
Q9VB14,Q9VZS5
Q9VB14,Q9W237
Q9VB62,Q9VJN5
Q9VB74,Q9VLR5
Q9VBL6,Q9W0V1
Q9VBP9,Q9VLR9
Q9VBP9,Q9VTF9
Q9VBQ9,Q9VEC1
Q9VBV5,Q9VH95
Q9VBW6,Q9VBW9
Q9VBX2,Q9VEZ5
Q9VBX2,Q9VJQ5
Q9VBX2,Q9VLJ8
Q9VC27,Q9VQG2
Q9VC49,Q9VYG2
Q9VC57,Q9VUY9
Q9VC57,Q9VWH4
Q9VC61,Q9VCE9
Q9VC61,Q9VK45
Q9VCA5,Q9VV74
Q9VCA5,Q9W3J5
Q9VCA8,Q9VEZ5
Q9VCA8,Q9VND8
Q9VCA8,Q9VXN9
Q9VCA8,Q9W0V1
Q9VCE6,Q9VLP3
Q9VCE6,Q9VLP7
Q9VCE6,Q9VVT5
Q9VCE6,Q9W1R5
Q9VCE6,Q9Y091
Q9VCE9,Q9VEN1
Q9VCI0,Q9VLU0
Q9VCK0,Q9VTU4
Q9VCK0,Q9Y0Y7
Q9VCP0,Q9VDS5
Q9VCU5,Q9W0K4
Q9VCU9,Q9VNS0
Q9VCW1,Q9VD28
Q9VCY3,Q9VPS5
Q9VCY3,Q9XZ58
Q9VCY8,Q9W2N0
Q9VCZ8,Q9VFL5
Q9VCZ8,Q9VRL3
Q9VCZ8,Q9VTE5
Q9VCZ8,Q9VW56
Q9VD28,Q9VMP9
Q9VD28,Q9VYA8
Q9VD28,Q9Y0I1
Q9VD92,Q9VEN1
Q9VDD1,Q9VI55
Q9VDM1,Q9VNB5
Q9VDR1,Q9VEC1
Q9VDR1,Q9VSH4
Q9VDR1,Q9VYR0
Q9VDR1,Q9W1X7
Q9VDR1,Q9XZT7
Q9VDS5,Q9VVT5
Q9VDS5,Q9VZ09
Q9VDS6,Q9Y0I1
Q9VDV3,Q9VJ62
Q9VE50,Q9VSU7
Q9VEC1,Q9VNG0
Q9VEC1,Q9VS38
Q9VEC1,Q9VSF2
Q9VEC1,Q9VSH4
Q9VEC1,Q9VT57
Q9VEC1,Q9VVS4
Q9VEC1,Q9VYG2
Q9VEC1,Q9W0P3
Q9VEC1,Q9W1X7
Q9VEC1,Q9W278
Q9VEC1,Q9XZT1
Q9VEC1,Q9Y149
Q9VEC3,Q9VZU2
Q9VEN1,Q9VPS5
Q9VEN1,Q9VZZ9
Q9VEU1,Q9VNB5
Q9VEU5,Q9VEU6
Q9VEX9,Q9VHS8
Q9VEX9,Q9VI55
Q9VEZ5,Q9VH07
Q9VEZ5,Q9VL52
Q9VEZ5,Q9VMN5
Q9VEZ5,Q9VXE6
Q9VEZ5,Q9W1X4
Q9VEZ5,Q9W237
Q9VF30,Q9W3M9
Q9VFE4,Q9VXN9
Q9VFI9,Q9VLJ0
Q9VFK6,Q9VXG8
Q9VFS5,Q9W2U4
Q9VFS8,Q9VH95
Q9VFS8,Q9VXN9
Q9VG82,Q9VXX8
Q9VG93,Q9VG95
Q9VG93,Q9VG96
Q9VG93,Q9VG98
Q9VG94,Q9VG96
Q9VG95,Q9VG96
Q9VG95,Q9VG98
Q9VG96,Q9VG98
Q9VGC3,Q9VKH0
Q9VGI8,Q9VS48
Q9VGK7,Q9VQZ6
Q9VGN9,Q9VKB4
Q9VGP1,Q9W1A4
Q9VGS2,Q9VND8
Q9VGS2,Q9W252
Q9VGW6,Q9VM60
Q9VGW6,Q9VT28
Q9VGW6,Q9XYU0
Q9VH07,Q9VK45
Q9VH07,Q9VT90
Q9VH07,Q9VU95
Q9VH07,Q9VXN9
Q9VH07,Q9Y0I1
Q9VH39,Q9Y0I1
Q9VH48,Q9VH95
Q9VH95,Q9VL18
Q9VH95,Q9VWH4
Q9VHA0,Q9VK33
Q9VHA0,Q9VMX6
Q9VHH9,Q9VMJ7
Q9VHH9,Q9VW15
Q9VHI4,Q9VMC8
Q9VHI4,Q9VRV7
Q9VHI4,Q9VVR1
Q9VHI4,Q9VVR6
Q9VHI4,Q9VYX1
Q9VHI4,Q9XZT7
Q9VHN3,Q9VSH4
Q9VHV5,Q9VLP3
Q9VHV5,Q9VSA3
Q9VHV5,Q9W0P5
Q9VI25,Q9VNB5
Q9VI60,Q9VVR6
Q9VIF0,Q9VND8
Q9VIF1,Q9VPS5
Q9VIK9,Q9W0V1
Q9VIW3,Q9VQ79
Q9VIW3,Q9VZ23
Q9VJI9,Q9VPD2
Q9VJN5,Q9VM95
Q9VJN5,Q9W1A4
Q9VJQ5,Q9VXN9
Q9VJS8,Q9W0E8
Q9VJZ7,Q9VKB4
Q9VK07,Q9W3R7
Q9VK34,Q9W3M9
Q9VK45,Q9VND8
Q9VK45,Q9VUB4
Q9VK45,Q9W3R7
Q9VKD3,Q9VSA3
Q9VKD3,Q9VWH4
Q9VKD3,Q9W0P5
Q9VKD3,Q9W0V1
Q9VKK2,Q9VQ89
Q9VKN7,Q9VLD6
Q9VKQ9,Q9VLN1
Q9VKQ9,Q9VPH8
Q9VKQ9,Q9W1Y1
Q9VKV5,Q9W032
Q9VKV8,Q9VM92
Q9VKY2,Q9VQP9
Q9VL18,Q9VL63
Q9VL18,Q9VTP4
Q9VL52,Q9VXN9
Q9VL63,Q9VLR5
Q9VLD6,Q9VLJ8
Q9VLJ0,Q9VLP3
Q9VLJ8,Q9VMQ5
Q9VLJ8,Q9W549
Q9VLK2,Q9VND8
Q9VLN1,Q9VNI3
Q9VLN1,Q9VPH8
Q9VLN1,Q9W352
Q9VLP7,Q9Y091
Q9VLP9,Q9XYQ2
Q9VLS1,Q9VNB5
Q9VLS1,Q9W021
Q9VLS9,Q9VNI3
Q9VLT5,Q9VR07
Q9VLT8,Q9VVB4
Q9VLU0,Q9VXN9
Q9VLU6,Q9VNV3
Q9VLU6,Q9W1R5
Q9VM09,Q9W1U5
Q9VM35,Q9W1R5
Q9VM60,Q9W462
Q9VM65,Q9VV73
Q9VM71,Q9VXA8
Q9VMJ7,Q9XYU0
Q9VMJ7,Q9Y0I1
Q9VMN5,Q9VXN9
Q9VMQ5,Q9VMS9
Q9VMT5,Q9VMT6
Q9VMX6,Q9VW15
Q9VMY1,Q9VR99
Q9VN25,Q9VN50
Q9VN25,Q9VND8
Q9VN25,Q9VTU4
Q9VN25,Q9W0V1
Q9VN25,Q9W2D9
Q9VN25,Q9W4X7
Q9VN41,Q9VS48
Q9VN50,Q9VTU4
Q9VN50,Q9VZZ9
Q9VN50,Q9W2D9
Q9VN50,Q9W4X7
Q9VNB5,Q9VND8
Q9VNB5,Q9VNK9
Q9VNB5,Q9VQ79
Q9VNB5,Q9VSY4
Q9VNB5,Q9VUY9
Q9VNB5,Q9VXP4
Q9VNB5,Q9W0P5
Q9VNB5,Q9W107
Q9VNB5,Q9W462
Q9VNB5,Q9Y140
Q9VND8,Q9VS34
Q9VND8,Q9VTP4
Q9VND8,Q9VTU4
Q9VND8,Q9W1K5
Q9VND8,Q9W1V3
Q9VND8,Q9W261
Q9VND8,Q9W2N0
Q9VND8,Q9W4M9
Q9VNE9,Q9VS34
Q9VNE9,Q9VTP4
Q9VNE9,Q9VXX8
Q9VNE9,Q9VZS5
Q9VNE9,Q9W0V1
Q9VNE9,Q9W237
Q9VNE9,Q9W2U9
Q9VNG0,Q9VS38
Q9VNG0,Q9VSH4
Q9VNG0,Q9VT57
Q9VNG0,Q9VVS4
Q9VNG0,Q9VYG2
Q9VNG0,Q9W0P3
Q9VNG0,Q9W1X7
Q9VNG0,Q9XZT1
Q9VNG0,Q9Y149
Q9VNI3,Q9W2M2
Q9VPS5,Q9W088
Q9VPS5,Q9W422
Q9VPU8,Q9VTU0
Q9VPY8,Q9VSZ6
Q9VQ89,Q9VUB4
Q9VQE5,Q9XYN7
Q9VQI9,Q9VW51
Q9VQK0,Q9VSF3
Q9VR89,Q9VSH4
Q9VR99,Q9VSS2
Q9VR99,Q9VVN2
Q9VRJ9,Q9W2M2
Q9VRL3,Q9VTE5
Q9VRL3,Q9VW56
Q9VRX6,Q9W1I2
Q9VS05,Q9VTE5
Q9VS34,Q9VTP4
Q9VS34,Q9VXX8
Q9VS34,Q9VZS5
Q9VS34,Q9W237
Q9VS34,Q9XTN2
Q9VS38,Q9VSH4
Q9VS38,Q9VT57
Q9VS38,Q9VVS4
Q9VS38,Q9VYG2
Q9VS38,Q9W0P3
Q9VS38,Q9W1X7
Q9VS38,Q9W278
Q9VS38,Q9XZT1
Q9VS38,Q9XZT6
Q9VS38,Q9Y149
Q9VS59,Q9VYG2
Q9VSA3,Q9VWH4
Q9VSA3,Q9VXE5
Q9VSA3,Q9W0P5
Q9VSA3,Q9W0V1
Q9VSA3,Q9XY35
Q9VSF2,Q9VSH4
Q9VSF2,Q9VYG2
Q9VSH4,Q9VT57
Q9VSH4,Q9VVS4
Q9VSH4,Q9VYG2
Q9VSH4,Q9W0P3
Q9VSH4,Q9W1X7
Q9VSH4,Q9W278
Q9VSH4,Q9XZT1
Q9VSH4,Q9Y149
Q9VSS2,Q9VVT5
Q9VSS2,Q9VXG4
Q9VT28,Q9VTU3
Q9VT57,Q9VVS4
Q9VT57,Q9VW47
Q9VT57,Q9VYG2
Q9VT57,Q9W0P3
Q9VT57,Q9W1X7
Q9VT57,Q9W278
Q9VT57,Q9XZT1
Q9VT57,Q9Y149
Q9VTC2,Q9VTM0
Q9VTC2,Q9VVT5
Q9VTE0,Q9VVB4
Q9VTE0,Q9VVT5
Q9VTE0,Q9VYG2
Q9VTE5,Q9VW56
Q9VTL1,Q9VYX1
Q9VTL1,Q9W1F4
Q9VTM0,Q9VVT5
Q9VTM0,Q9W1V1
Q9VTP4,Q9VXN9
Q9VTP4,Q9VXX8
Q9VTP4,Q9VZS5
Q9VTP4,Q9W237
Q9VTU0,Q9W141
Q9VTU4,Q9W2D9
Q9VTU4,Q9W4X7
Q9VTV1,Q9VYX1
Q9VTX8,Q9VUR0
Q9VTX8,Q9W484
Q9VUM0,Q9VYG2
Q9VUN3,Q9W1A4
Q9VUR3,Q9VXN4
Q9VUR3,Q9Y105
Q9VV74,Q9VVX0
Q9VV74,Q9W3J5
Q9VVB4,Q9VVT5
Q9VVI9,Q9VZZ9
Q9VVI9,Q9XTN2
Q9VVR1,Q9VVR6
Q9VVR1,Q9VYX1
Q9VVR6,Q9VYX1
Q9VVS4,Q9VYG2
Q9VVS4,Q9W0P3
Q9VVS4,Q9W1X7
Q9VVS4,Q9W278
Q9VVS4,Q9XZT1
Q9VVS4,Q9Y149
Q9VVT5,Q9W252
Q9VVV9,Q9VWV9
Q9VW15,Q9Y0I1
Q9VW51,Q9W1R4
Q9VWE0,Q9XYF4
Q9VWY6,Q9XZT7
Q9VX09,Q9VYG2
Q9VXE6,Q9VXN9
Q9VXG8,Q9W252
Q9VXG8,Q9XZ58
Q9VXN4,Q9Y105
Q9VXN9,Q9W237
Q9VXX8,Q9VZS5
Q9VXX8,Q9W237
Q9VXY0,Q9W1K5
Q9VYG2,Q9VZ09
Q9VYG2,Q9W0P3
Q9VYG2,Q9W1X7
Q9VYG2,Q9W278
Q9VYG2,Q9XZT1
Q9VYG2,Q9Y149
Q9VYX1,Q9W1F4
Q9VYX1,Q9Y1B2
Q9VYY4,Q9XYN7
Q9VZ23,Q9W1A4
Q9VZS5,Q9W0V1
Q9VZS5,Q9W237
Q9VZZ9,Q9W2N0
Q9VZZ9,Q9XTN2
Q9W0P3,Q9W1X7
Q9W0P3,Q9W278
Q9W0P3,Q9XZT1
Q9W0P3,Q9Y149
Q9W0V1,Q9W1V3
Q9W0V1,Q9W237
Q9W0V1,Q9W2F2
Q9W0V1,Q9W385
Q9W1R5,Q9Y091
Q9W1X7,Q9W278
Q9W1X7,Q9XZT1
Q9W1X7,Q9Y149
Q9W278,Q9XZT1
Q9W278,Q9Y149
Q9W2D9,Q9W4X7
Q9W349,Q9Y0A7
Q9XZT1,Q9Y149
